,latitude,longitude
0,-33.957589999669125,115.87584000091283
1,-33.0032399993662,115.65430000084251
2,-33.59800999955499,117.96656000157645
3,-33.67185999957843,116.08763000098006
4,-30.91302999870274,115.93203000093067
5,-33.36719999948173,117.60654000146218
6,-32.842419999315155,114.18254000037535
7,-30.57683999859603,114.88034000059685
8,-34.93059999997797,113.32030000010167
9,-31.176899998786496,117.17526000132528
10,-30.27763999850106,114.40016000044443
11,-31.90913999901892,113.356000000113
12,-32.693279999267816,117.1816000013273
13,-32.907639999335856,117.23912000134555
14,-33.97046999967321,114.23761000039283
15,-30.803009998667818,116.43970000109181
16,-34.18219999974042,114.713860000544
17,-32.25358999912825,113.22011000006987
18,-33.66205999957532,114.24449000039502
19,-32.69467999926826,113.42674000013545
20,-31.94143999902917,117.34712000137984
21,-33.05588999938291,114.34763000042776
22,-33.26352999944882,116.61025000114594
23,-34.2385399997583,117.1939100013312
24,-30.47195999856274,116.00889000095506
25,-33.80504999962071,116.80215000120685
26,-34.9625099999881,113.71992000022851
27,-33.419329999498274,116.21496000102047
28,-30.76586999865603,113.32320000010259
29,-32.442849999188326,116.29815000104688
30,-34.189529999742746,116.2783600010406
31,-32.4055899991765,113.08312000002638
32,-32.73357999928061,117.45945000141549
33,-34.195919999744774,116.11827000098978
34,-33.20734999943099,116.24051000102858
35,-30.706189998637086,113.19095000006061
36,-30.566249998592667,113.83884000026626
37,-33.63347999956625,114.5443700004902
38,-30.523749998579177,117.65340000147705
39,-32.36098999916234,115.85728000090694
40,-31.598809998920416,113.66486000021104
41,-34.56828999986297,113.82175000026083
42,-32.53588999921786,116.82175000121308
43,-31.851189999000525,116.25289000103251
44,-31.979129999041135,116.87122000122878
45,-33.13917999940935,117.78156000151773
46,-33.512339999527796,115.48304000078815
47,-31.805849998986133,114.98149000062895
48,-34.13827999972648,114.71221000054348
49,-33.663529999575786,117.55142000144468
50,-32.40729999917704,117.24070000134606
51,-32.67404999926171,114.63693000051958
52,-32.85260999931839,117.53459000143934
53,-31.020759998736935,114.83221000058157
54,-34.00593999968447,117.12938000131072
55,-32.691169999267146,113.87639000027818
56,-32.388269999171,116.12787000099283
57,-30.20508999847803,115.65529000084283
58,-30.37328999853142,116.8691000012281
59,-32.750519999285984,114.45356000046138
60,-30.786269998662505,115.74428000087107
61,-31.21925999879994,116.90483000123945
62,-32.158799999098164,116.72830000118341
63,-33.92134999965762,114.32836000042164
64,-33.625879999563836,113.60026000019053
65,-33.99796999968194,113.49339000015661
66,-32.14185999909279,113.31753000010079
67,-33.31988999946671,113.29697000009426
68,-33.40419999949347,113.80506000025554
69,-30.090649998441705,116.1999100010157
70,-34.405839999811406,117.60338000146118
71,-32.48796999920265,113.03815000001211
72,-30.160399998463845,117.51917000143445
73,-33.71299999959149,117.86705000154487
74,-30.74589999864969,114.04552000033186
75,-32.07129999907039,116.71385000117883
76,-34.75812999992323,116.31140000105108
77,-31.85734999900248,115.95426000093772
78,-32.67501999926202,113.4208900001336
79,-30.4831799985663,117.84063000153648
80,-32.08480999907468,117.20742000133549
81,-34.79234999993409,113.44063000013986
82,-33.907909999653356,113.68279000021673
83,-32.20494999911281,113.47275000015006
84,-30.820639998673414,114.49847000047563
85,-34.47066999983198,113.87348000027725
86,-32.666339999259264,116.79304000120396
87,-34.940309999981054,113.18610000005907
88,-32.938129999345534,116.60741000114504
89,-33.27112999945123,113.30252000009602
90,-31.061959998750012,117.55570000144604
91,-31.214869998798548,114.06409000033776
92,-34.616159999878164,114.27704000040535
93,-33.724239999595056,114.10809000035172
94,-30.71797999864083,113.98966000031413
95,-34.81363999994085,116.4557600010969
96,-32.021729999054656,117.39034000139355
97,-32.95663999935141,116.07363000097561
98,-31.65098999893698,117.01406000127412
99,-33.03435999937608,115.16834000068826
100,-32.91294999933754,115.63765000083723
101,-30.902579998699423,113.8837000002805
102,-33.64421999956966,117.27484000135689
103,-32.865799999322576,114.25008000039679
104,-31.28197999881985,114.86963000059345
105,-34.426689999818024,116.99420000126781
106,-30.46953999856197,114.61389000051227
107,-30.616459998608605,116.56857000113271
108,-34.82280999994376,117.11991000130772
109,-34.26085999976539,113.85783000027229
110,-31.75656999897049,113.6008100001907
111,-33.810679999622494,114.0925600003468
112,-30.669959998625586,113.75532000023975
113,-30.33242999851845,117.70285000149275
114,-31.931049999025873,115.89200000091796
115,-32.13670999909115,113.192160000061
116,-34.65527999989058,114.95794000062148
117,-31.818389998990114,113.38631000012262
118,-33.25453999944597,116.6948700011728
119,-33.64919999957124,116.37311000107067
120,-30.665629998624212,117.84848000153897
121,-34.1739499997378,113.56707000018
122,-31.103299998763134,114.89861000060264
123,-30.675779998627434,113.86554000027473
124,-33.05199999938168,114.30979000041575
125,-32.915479999338345,116.07159000097496
126,-32.25631999912912,117.4588700014153
127,-30.327849998516996,113.19932000006327
128,-33.861909999638755,113.23833000007565
129,-31.636199998932284,113.17649000005602
130,-32.862359999321484,114.64963000052362
131,-34.835149999947674,117.86300000154358
132,-33.55365999954091,117.7502500015078
133,-33.34484999947463,114.96658000062422
134,-30.939979998711294,115.19974000069823
135,-32.39370999917273,117.63378000147083
136,-32.59309999923602,117.44545000141105
137,-32.318249999148776,116.39299000107698
138,-33.374439999484025,113.3982200001264
139,-33.826249999627436,116.16817000100562
140,-33.713519999591654,117.16070000132066
141,-30.030629998422654,117.22127000133989
142,-33.6629499995756,117.99435000158527
143,-31.676349998945028,113.23683000007517
144,-33.63046999956529,114.49938000047592
145,-33.209609999431706,113.1357900000431
146,-31.39394999885539,116.14680000099884
147,-34.129099999723564,113.26280000008342
148,-31.65246999893745,115.9507200009366
149,-30.80203999866751,114.7787600005646
150,-34.27133999976871,115.96134000093997
151,-33.976019999674975,115.69858000085657
152,-31.7754999989765,113.81421000025844
153,-32.37426999916656,113.86735000027531
154,-33.37671999948475,117.79891000152324
155,-32.75346999928692,115.08094000066052
156,-32.94447999934755,117.9405500015682
157,-31.11846999876795,116.41213000108306
158,-30.414299998544436,117.42363000140412
159,-31.24637999880855,116.0458600009668
160,-32.64521999925256,115.6101500008285
161,-31.50852999889176,116.89519000123639
162,-32.51928999921259,115.66538000084603
163,-30.4280499985488,113.45601000014474
164,-30.35438999852542,116.95868000125654
165,-30.423299998547293,114.76278000055953
166,-30.481409998565738,115.62707000083387
167,-34.12076999972092,114.46021000046349
168,-30.90496999870018,114.47972000046968
169,-31.510309998892325,114.7113400005432
170,-33.79049999961609,115.30133000073047
171,-32.39796999917408,116.72801000118332
172,-34.959119999987024,115.26888000072017
173,-31.570159998911322,114.5412100004892
174,-32.47770999919939,116.93920000125036
175,-34.880139999961955,114.13331000035973
176,-30.351039998524357,116.7818200012004
177,-30.23479999848746,113.6880700002184
178,-34.207519999748456,114.7973500005705
179,-33.437009999503886,117.74737000150688
180,-31.148959998777627,113.08022000002546
181,-31.30787999882807,116.08975000098073
182,-34.58850999986939,117.68933000148846
183,-32.89920999933318,116.82804000121507
184,-31.396489998856197,114.61779000051351
185,-33.10238999939767,113.84406000026792
186,-34.69034999990171,114.6272200005165
187,-31.311109998829096,115.8672400009101
188,-33.2502299994446,114.64751000052294
189,-33.28284999945495,113.84102000026695
190,-33.294199999458556,117.91343000155959
191,-32.009089999050644,113.06892000002188
192,-34.65543999989063,116.44653000109398
193,-34.13900999972671,116.91972000124417
194,-30.04333999842669,115.82675000089725
195,-31.347429998840624,117.52120000143509
196,-31.1794299987873,113.97914000031079
197,-32.338189999155105,114.78678000056715
198,-30.456139998557717,117.54255000144187
199,-30.67841999862827,113.59100000018759
200,-33.08069999939079,115.58994000082208
201,-33.88390999964574,117.47956000142187
202,-33.97353999967419,117.91289000155942
203,-32.665899999259125,116.97326000126117
204,-32.1774999991041,114.42104000045106
205,-34.657499999891286,114.14711000036411
206,-33.950719999666944,116.57724000113546
207,-32.23940999912375,113.10317000003275
208,-32.56288999922643,116.77212000119732
209,-33.47440999951576,116.13340000099458
210,-34.63747999988493,114.10323000035018
211,-34.69871999990437,116.15207000100051
212,-34.96838999998997,115.7427800008706
213,-32.32774999915179,116.51672000111625
214,-33.839699999631705,114.54417000049014
215,-30.793509998664803,113.96879000030751
216,-30.276839998500805,117.4613800014161
217,-33.78786999961525,113.94795000030089
218,-30.095439998443226,116.09120000098119
219,-32.53049999921615,114.92294000061037
220,-32.04132999906088,115.09061000066359
221,-33.608799999558414,114.71453000054422
222,-31.52326999889644,115.81850000089463
223,-32.22305999911856,113.44356000014079
224,-34.952759999985005,114.05264000033412
225,-33.16950999941898,117.35050000138091
226,-30.80197999866749,117.59606000145885
227,-31.288649998821967,114.10796000035168
228,-32.6566799992562,116.4195000010854
229,-34.761679999924354,115.33426000074093
230,-33.60582999955747,114.216080000386
231,-32.00462999904923,113.7945600002522
232,-31.148519998777488,114.9243200006108
233,-32.11388999908391,116.26081000103503
234,-31.16789999878364,115.78635000088443
235,-33.04761999938029,117.68059000148568
236,-30.528209998580593,116.82134000121295
237,-31.282209998819923,115.69154000085433
238,-31.140109998774818,116.64655000115746
239,-31.492189998886573,115.25831000071682
240,-31.196029998792568,115.1467200006814
241,-30.35457999852548,116.75389000119154
242,-34.5280699998502,117.86131000154305
243,-34.67404999989654,115.07012000065708
244,-32.141409999092645,113.49761000015795
245,-31.440749998870245,115.6993100008568
246,-31.834079998995094,117.08495000129662
247,-31.98446999904283,114.48769000047221
248,-33.234119999439486,113.57019000018099
249,-30.097879998444,114.10409000035045
250,-30.583949998598285,113.7888900002504
251,-32.74597999928454,114.21588000038594
252,-33.41368999949648,113.91166000028937
253,-33.317789999466044,113.05242000001664
254,-33.88245999964528,117.21110000133666
255,-31.12921999877136,113.11010000003495
256,-32.98886999936164,114.65512000052536
257,-33.288779999456835,115.53351000080417
258,-31.338129998837672,117.95353000157232
259,-32.4289099991839,116.2342700010266
260,-30.022379998420035,115.54553000080799
261,-33.94448999966497,115.50089000079382
262,-34.476629999833875,114.87476000059507
263,-34.450449999825565,115.84547000090319
264,-32.808209999304296,116.88339000123264
265,-34.513019999845426,116.93381000124864
266,-31.39375999885533,114.95135000061939
267,-33.88187999964509,114.35839000043117
268,-32.87495999932548,115.51771000079916
269,-34.73706999991654,113.79338000025183
270,-31.14978999877789,114.51836000048195
271,-31.739099998964946,113.60893000019328
272,-31.76991999897473,113.73511000023333
273,-32.98517999936047,114.49369000047412
274,-31.670949998943314,117.0429800012833
275,-30.611739998607106,113.10326000003278
276,-30.23180999848651,113.20559000006526
277,-31.55417999890625,115.56329000081362
278,-31.9018299990166,116.13808000099607
279,-33.92093999965749,116.35166000106386
280,-31.613959998925225,117.32253000137203
281,-34.13170999972439,114.50818000047872
282,-33.05127999938145,115.9377900009325
283,-33.90485999965239,117.37552000138885
284,-33.7732199996106,115.5131400007977
285,-31.789639998980988,113.29397000009331
286,-33.65710999957375,116.7162700011796
287,-31.13579999877345,114.29594000041135
288,-32.474449999198356,115.55173000080995
289,-34.96049999998746,115.73638000086856
290,-31.597489998919997,113.83713000026572
291,-33.00562999936696,115.69156000085434
292,-33.31056999946375,116.39485000107757
293,-34.54304999985496,116.35043000106347
294,-30.002309998413665,116.6929800011722
295,-31.53946999890158,115.47381000078522
296,-31.93446999902696,117.10561000130318
297,-33.409789999495246,115.40829000076442
298,-31.749499998968247,117.78247000151802
299,-33.95712999966898,113.12681000004025
300,-34.171069999736886,115.72697000086558
301,-30.50437999857303,115.28335000072477
302,-34.99876999999961,114.84496000058562
303,-31.768959998974424,116.34187000106076
304,-31.614089998925266,117.18152000132727
305,-33.520719999530456,115.45344000077876
306,-32.09965999907939,117.45551000141424
307,-31.925859999024226,114.78068000056521
308,-32.56412999922682,113.44946000014266
309,-31.658579998939388,116.95081000125404
310,-30.508959998574483,115.8275200008975
311,-33.494379999522096,115.8924600009181
312,-30.34981999852397,113.85019000026986
313,-32.526589999214906,115.91363000092483
314,-31.496799998888036,116.98088000126359
315,-32.24761999912636,113.49629000015753
316,-30.427959998548772,113.20047000006363
317,-31.77313999897575,113.17197000005459
318,-33.81279999962317,114.86926000059333
319,-32.118729999085446,117.64802000147534
320,-30.302799998509045,116.73670000118608
321,-31.424529998865097,113.72406000022983
322,-30.986479998726054,114.56621000049714
323,-33.920479999657346,116.52700000111952
324,-33.981659999676765,116.78161000120033
325,-30.400179998539954,115.86146000090827
326,-31.165719998782947,117.52198000143534
327,-30.07273999843602,114.73977000055223
328,-34.297269999776944,113.18420000005847
329,-30.494029998569744,116.5562500011288
330,-30.881409998692703,114.46145000046388
331,-34.156039999732116,115.72961000086642
332,-31.923329999023423,115.09751000066578
333,-34.1216599997212,117.45890000141532
334,-30.462469998559726,116.50799000111348
335,-34.94688999998314,116.35543000106506
336,-32.409669999177794,114.6599600005269
337,-33.889979999647664,116.78901000120268
338,-33.034949999376266,117.79746000152278
339,-33.10580999939876,115.33865000074232
340,-31.18680999878964,113.85333000027086
341,-33.79561999961771,116.95171000125433
342,-31.415049998862088,116.99670000126861
343,-33.631899999565746,115.72668000086549
344,-33.48676999951968,114.79786000057067
345,-31.85668999900227,114.27149000040359
346,-33.2675599994501,116.79211000120367
347,-34.62101999987971,115.69436000085523
348,-33.107279999399225,113.01689000000536
349,-34.675389999896964,114.08987000034594
350,-34.34428999979187,116.2982200010469
351,-34.131649999724374,117.3627500013848
352,-31.507159998891325,113.33934000010771
353,-30.276239998500614,113.8351800002651
354,-33.10262999939775,115.19254000069594
355,-33.23110999943853,113.71793000022788
356,-30.86353999868703,116.28323000104214
357,-32.57703999923092,117.91612000156044
358,-31.07432999875394,114.83026000058095
359,-34.68866999990118,113.18691000005933
360,-32.23165999912129,117.18672000132892
361,-33.80334999962017,115.67564000084928
362,-33.839349999631594,117.08108000129539
363,-34.625899999881256,114.71398000054404
364,-30.36172999852775,114.53090000048593
365,-30.775879998659207,116.65952000116158
366,-33.64507999956993,114.51688000048148
367,-33.78797999961529,115.48462000078865
368,-33.28730999945637,114.3310700004225
369,-30.527619998580406,113.45994000014599
370,-33.20975999943175,113.77620000024638
371,-30.291009998505302,116.51711000111638
372,-30.209549998479446,117.75402000150899
373,-33.010589999368534,114.03728000032925
374,-32.35594999916074,116.42148000108602
375,-30.013619998417255,116.58607000113827
376,-32.302339999143726,114.03890000032976
377,-33.17298999942008,115.79337000088665
378,-30.239609998488987,117.15449000131869
379,-32.787629999297764,117.04798000128488
380,-31.268349998815523,114.5355500004874
381,-30.105519998446425,114.10406000035044
382,-30.346249998522836,115.7339500008678
383,-31.55193999890554,117.21053000133648
384,-33.720989999594025,114.12573000035732
385,-31.002649998731187,116.05963000097117
386,-32.600779999238455,117.3883000013929
387,-33.08061999939076,117.46871000141843
388,-30.659959998622412,115.76430000087743
389,-32.504829999208,113.67379000021387
390,-33.76901999960927,113.26753000008492
391,-33.62635999956399,115.9104200009238
392,-34.35335999979475,114.42732000045305
393,-33.552719999540614,113.01635000000519
394,-33.69639999958622,116.74226000118784
395,-30.106769998446822,115.53574000080488
396,-33.55504999954135,114.06932000033942
397,-31.016319998735526,116.79196000120362
398,-34.90762999997068,115.22338000070573
399,-33.08705999939281,116.62868000115179
400,-34.32681999978632,113.71954000022839
401,-34.55999999986034,114.6095500005109
402,-32.03081999905754,113.94970000030145
403,-31.443129998871,114.95573000062078
404,-34.69231999990234,115.31790000073573
405,-33.25482999944606,117.454770001414
406,-30.699339998634912,114.99703000063388
407,-33.627259999564274,117.18240000132755
408,-34.71085999990822,114.1177800003548
409,-31.975389999039947,114.96395000062338
410,-31.123629998769587,113.41755000013254
411,-34.2104899997494,117.91714000156077
412,-31.64134999893392,117.1179900013071
413,-34.028289999691566,117.22292000134041
414,-34.929669999977676,113.37956000012048
415,-31.844409998998373,117.59899000145978
416,-34.45988999982856,116.83331000121674
417,-34.40878999981234,113.53405000016951
418,-31.035129998741496,113.10257000003256
419,-32.73112999927983,115.21449000070291
420,-30.764869998655712,113.9637100003059
421,-32.06833999906945,116.0061800009542
422,-34.357099999795935,113.30555000009699
423,-30.3385699985204,116.47846000110411
424,-33.2858399994559,113.81574000025893
425,-31.778389998977417,117.12284000130865
426,-34.76330999992487,117.13009000131095
427,-32.666369999259274,114.66739000052925
428,-31.63438999893171,116.21707000102114
429,-30.59025999860029,114.24591000039547
430,-31.476789998881685,117.15368000131843
431,-32.870399999324036,116.65387000115979
432,-34.188989999742574,116.1375400009959
433,-34.90491999996982,113.02548000000809
434,-31.0395499987429,114.94439000061718
435,-32.36522999916369,116.62845000115172
436,-32.001089999048105,117.79210000152108
437,-34.744449999918885,114.97678000062746
438,-33.63760999956756,113.76643000024328
439,-34.30919999978073,115.65532000084283
440,-33.65806999957405,115.41808000076753
441,-33.63162999956566,115.15582000068429
442,-34.60625999987502,116.62382000115025
443,-32.89167999933079,116.16057000100321
444,-30.37020999853044,114.8307500005811
445,-30.481089998565636,113.49221000015623
446,-31.260929998813168,114.54967000049189
447,-32.634399999249126,114.18151000037503
448,-34.21578999975108,114.2387700003932
449,-34.06817999970423,116.58135000113677
450,-33.454589999509466,115.39618000076058
451,-32.57660999923078,115.95894000093921
452,-31.97542999903996,116.41084000108265
453,-33.108889999399736,113.12738000004043
454,-34.87955999996177,116.86084000122548
455,-32.35698999916107,115.7270200008656
456,-31.676089998944946,114.02538000032547
457,-33.33318999947093,113.83118000026383
458,-33.44575999950666,113.82777000026275
459,-32.605879999240074,113.16228000005151
460,-30.409389998542878,113.12219000003878
461,-33.70950999959038,115.29253000072768
462,-34.006199999684554,114.44782000045956
463,-31.799359998984073,114.15015000036507
464,-33.81081999962254,115.31251000073402
465,-31.202439998794603,114.47516000046824
466,-32.42662999918318,114.54906000049169
467,-32.121819999086426,117.33860000137713
468,-31.810329998987555,113.85134000027023
469,-34.64868999988849,115.63263000083563
470,-32.31656999914824,117.56316000144841
471,-31.853899999001385,113.10466000003322
472,-34.092269999711874,113.13679000004342
473,-33.74400999960133,116.3127300010515
474,-33.26524999944937,117.24592000134771
475,-34.29258999977546,113.91918000029176
476,-33.24472999944285,115.36704000075133
477,-33.224789999436524,113.92378000029322
478,-30.590439998600345,115.98999000094906
479,-32.019489999053945,116.15545000100158
480,-32.72249999927709,115.57901000081861
481,-31.21871999879977,113.5979800001898
482,-34.03245999969289,117.84270000153714
483,-33.617089999561045,114.41527000044923
484,-31.955069999033498,115.0062300006368
485,-32.48495999920169,117.42287000140388
486,-32.25839999912978,114.39552000044296
487,-34.3484799997932,116.02862000096133
488,-33.889319999647455,116.08354000097876
489,-33.10520999939857,115.91837000092633
490,-34.11434999971888,115.5534600008105
491,-33.081449999391026,116.85130000122246
492,-31.174969998785883,115.27834000072318
493,-30.32089999851479,114.10117000034953
494,-34.40461999981102,117.36963000138698
495,-33.29601999945913,114.82778000058016
496,-32.38054999916855,114.33195000042278
497,-32.45482999919213,113.72928000023148
498,-33.19796999942801,117.67595000148421
499,-34.761459999924284,114.18727000037686
500,-34.4748099998333,115.0547400006522
501,-30.60346999860448,115.33360000074072
502,-30.992659998728016,115.74808000087228
503,-30.96459999871911,114.6505200005239
504,-34.09036999971127,117.53355000143901
505,-31.90126999901642,113.16346000005188
506,-30.724719998642968,115.4797400007871
507,-32.68415999926492,116.81031000120944
508,-30.62229999861046,116.53633000112248
509,-31.35601999884335,115.02047000064132
510,-31.397609998856552,114.55461000049345
511,-31.87476999900801,114.67202000053072
512,-30.505619998573422,113.37928000012039
513,-31.15469999877945,117.12794000131026
514,-30.320689998514723,116.43943000109172
515,-30.176899998469082,117.02952000127902
516,-34.84197999994984,114.21865000038682
517,-33.75500999960482,116.39718000107831
518,-30.46398999856021,117.02767000127844
519,-31.365929998846497,116.09568000098261
520,-32.3280999991519,117.45955000141552
521,-33.473019999515316,114.38503000043963
522,-34.864229999956905,117.4771100014211
523,-32.92600999934169,113.06495000002062
524,-32.15812999909795,113.34381000010913
525,-34.14249999972782,114.81708000057677
526,-33.035949999376584,113.73022000023178
527,-32.795829999300366,115.60664000082738
528,-34.83066999994625,117.0874200012974
529,-30.348259998523474,117.43559000140792
530,-33.1932099994265,116.97037000126025
531,-32.016529999053006,117.86282000154353
532,-30.076209998437122,113.42067000013353
533,-32.85109999931791,113.98970000031414
534,-30.787159998662787,115.3067700007322
535,-33.44703999950707,113.63689000020216
536,-31.98317999904242,114.90016000060314
537,-33.24157999944185,114.89844000060259
538,-32.965669999354276,115.13861000067882
539,-30.16164999846424,113.61852000019633
540,-33.00959999936822,116.77114000119701
541,-30.888669998695008,116.62646000115109
542,-31.1296599987715,116.68348000116919
543,-33.018939999371185,113.3411800001083
544,-32.26963999913335,117.26186000135277
545,-34.89662999996719,115.03240000064511
546,-33.551019999540074,113.40290000012789
547,-30.50409999857294,116.62786000115153
548,-34.36993999980001,115.07965000066011
549,-30.035829998424305,117.29404000136299
550,-34.672779999896136,113.64632000020515
551,-34.89105999996542,113.20030000006358
552,-33.0177199993708,116.81373000121053
553,-33.95160999966723,116.47045000110157
554,-33.67875999958062,115.86297000090875
555,-34.6890599999013,114.23198000039105
556,-34.313309999782035,114.75539000055718
557,-34.090039999711166,117.6652000014808
558,-31.95217999903258,117.81949000152977
559,-30.117549998450244,116.18316000101038
560,-33.599379999555424,113.68499000021743
561,-30.252249998493,115.35257000074674
562,-32.656199999256046,114.10875000035193
563,-30.27448999850006,117.62082000146671
564,-31.09808999876148,116.23098000102556
565,-30.873059998690053,117.95113000157156
566,-33.69425999958554,113.86390000027421
567,-33.33914999947282,114.19511000037934
568,-32.25196999912774,116.93281000124833
569,-31.307619998827988,114.82481000057922
570,-32.5650099992271,113.64184000020373
571,-31.64670999893562,116.64922000115831
572,-30.700239998635197,114.49987000047608
573,-32.96557999935425,114.93293000061354
574,-32.23345999912186,116.51682000111629
575,-31.526129998897346,117.31681000137021
576,-34.906229999970236,116.49583000110962
577,-32.9881199993614,114.70638000054163
578,-34.41623999981471,116.38883000107566
579,-30.707469998637492,116.91495000124266
580,-30.331349998518107,113.82265000026112
581,-33.75143999960369,115.16161000068612
582,-31.800239998984352,114.90780000060556
583,-33.27726999945318,116.63717000115449
584,-32.43107999918459,113.3185100001011
585,-32.17626999910371,116.21793000102141
586,-32.632569999248545,116.30015000104751
587,-33.30025999946048,115.29614000072883
588,-30.129839998454145,116.98024000126338
589,-32.84686999931657,117.90030000155542
590,-32.112739999083544,113.62585000019865
591,-33.38617999948775,116.64400000115666
592,-33.8998499996508,116.01617000095737
593,-30.31100999851165,116.0846400009791
594,-30.721669998642,113.61705000019586
595,-30.875799998690923,116.06893000097412
596,-32.26904999913316,114.58757000050392
597,-32.50189999920707,116.99262000126731
598,-34.68879999990122,116.80970000120925
599,-33.571219999546486,117.23932000134562
600,-34.363209999797874,114.72964000054901
601,-33.470909999514646,114.01175000032114
602,-34.90901999997112,115.91090000092396
603,-31.273969998817307,113.68197000021647
604,-32.214629999115886,117.81079000152701
605,-34.05930999970141,117.27434000135673
606,-31.76112999897194,117.29336000136277
607,-33.34462999947456,114.89041000060004
608,-31.157809998780436,116.81126000120975
609,-31.52890999889823,115.14748000068164
610,-31.26562999881466,116.46496000109983
611,-34.10161999971484,115.71208000086085
612,-34.299509999777655,113.82450000026171
613,-31.153529998779078,113.80739000025628
614,-33.839539999631654,115.8877300009166
615,-32.909399999336415,114.27597000040501
616,-31.814369998988838,116.99042000126661
617,-34.17979999973966,115.2613900007178
618,-34.498459999840804,113.27136000008613
619,-33.53171999953395,117.34957000138061
620,-31.151909998778564,115.59363000082325
621,-30.652439998620025,114.70483000054114
622,-30.743609998648964,113.43266000013733
623,-33.90092999965114,115.97738000094506
624,-33.14116999940998,114.78081000056525
625,-30.681949998629392,115.9724500009435
626,-33.47380999951557,116.7241500011821
627,-33.677039999580074,115.50490000079509
628,-32.96798999935501,113.59237000018803
629,-32.998589999364725,113.42023000013339
630,-30.08804999844088,116.13198000099413
631,-30.031449998422914,113.89304000028346
632,-30.730309998644742,117.23828000134529
633,-31.224779998801694,115.64000000083797
634,-32.18873999910767,117.6844400014869
635,-34.788399999932835,117.51921000143446
636,-34.35466999979516,113.5774800001833
637,-33.04460999937933,114.77390000056306
638,-34.26741999976747,114.51396000048055
639,-32.68546999926534,114.60176000050842
640,-33.82531999962714,113.87914000027905
641,-34.401869999810145,115.22102000070498
642,-34.19699999974512,116.99785000126897
643,-30.74201999864846,116.83859000121842
644,-34.90947999997127,116.43090000108901
645,-32.41462999917937,114.62478000051573
646,-31.63312999893131,115.68909000085355
647,-34.03538999969382,115.47051000078417
648,-34.21596999975114,114.21162000038458
649,-31.99961999904764,115.35114000074628
650,-33.190989999425796,115.99095000094937
651,-31.679739998946104,116.81690000121154
652,-34.338889999790155,117.16620000132241
653,-30.617059998608795,117.86376000154382
654,-30.702589998635943,116.30125000104786
655,-32.715269999274796,117.40691000139881
656,-32.51163999921016,117.9160000015604
657,-32.12380999908706,115.43423000077266
658,-31.510119998892264,117.19470000133146
659,-34.345599999792285,116.89040000123487
660,-33.59384999955367,113.365460000116
661,-34.676589999897345,115.14014000067931
662,-33.67982999958096,114.07976000034273
663,-31.685379998947894,114.44081000045733
664,-31.080019998755745,116.53187000112106
665,-30.71634999864031,116.62172000114958
666,-31.361319998845033,113.18688000005932
667,-31.60177999892136,113.34610000010986
668,-34.459399999828406,113.05343000001696
669,-32.17794999910424,114.28689000040848
670,-34.24784999976126,113.12600000004
671,-32.64082999925117,114.7091200005425
672,-34.59053999987003,116.4066100010813
673,-31.175629998786093,116.2216800010226
674,-34.03057999969229,116.40947000108221
675,-32.39219999917225,114.90039000060321
676,-34.594019999871136,113.38117000012099
677,-31.382819998851858,114.33447000042358
678,-34.75905999992352,117.64464000147427
679,-30.553189998588522,113.16821000005339
680,-31.8769499990087,113.63029000020006
681,-30.169859998466848,114.90077000060333
682,-34.6931499999026,115.54103000080656
683,-32.70139999927039,116.31100000105096
684,-32.70178999927052,115.4413000007749
685,-34.74459999991893,114.34198000042596
686,-30.890459998695576,114.08069000034303
687,-34.092149999711836,116.18799000101191
688,-33.98809999967881,115.06853000065658
689,-32.41011999917794,114.08120000034319
690,-34.87665999996085,115.36566000075089
691,-34.3724299998008,117.7235100014993
692,-30.693359998633014,113.77580000024625
693,-32.28820999913924,115.4677600007833
694,-31.15750999878034,116.07062000097466
695,-31.10340999876317,115.65166000084167
696,-34.79815999993593,114.0119100003212
697,-34.67920999989818,115.10564000066836
698,-31.11229999876599,114.75050000055563
699,-33.725499999595456,115.54484000080777
700,-32.87047999932406,115.88523000091581
701,-31.091509998759392,114.04762000033253
702,-32.817249999307165,115.07194000065766
703,-31.022469998737478,114.82083000057796
704,-33.99461999968088,116.04737000096728
705,-30.072409998435916,115.88525000091582
706,-33.91438999965541,117.92141000156212
707,-32.25612999912906,117.08336000129611
708,-34.02671999969107,115.06614000065582
709,-30.828049998675766,116.99585000126834
710,-30.154509998461975,117.44542000141104
711,-33.1179199994026,114.41882000045035
712,-34.42604999981782,117.71333000149608
713,-32.557079999224584,115.54822000080884
714,-33.259699999447605,116.53932000112343
715,-30.662829998623323,117.47501000142043
716,-30.161999998464353,114.50741000047847
717,-30.365839998529054,117.40974000139971
718,-31.564019998909373,113.00696000000221
719,-33.85590999963685,117.67643000148436
720,-30.51521999857647,116.5855200011381
721,-30.258439998494964,115.31870000073599
722,-31.627539998929535,116.04457000096639
723,-30.98113999872436,113.29860000009478
724,-33.89147999964814,116.4674000011006
725,-34.15482999973173,116.75165000119082
726,-32.88109999932743,113.69118000021939
727,-31.973649999039395,113.99470000031573
728,-32.04703999906269,114.30953000041566
729,-31.19697999879287,113.67116000021304
730,-30.736049998646564,113.55470000017607
731,-32.582759999232735,114.57535000050004
732,-30.327759998516967,114.32230000041972
733,-34.87924999996167,114.47110000046695
734,-33.56959999954597,115.7150800008618
735,-33.16991999941911,116.68181000116866
736,-30.56994999859384,117.48866000142476
737,-31.64119999893387,114.78098000056531
738,-34.67174999989581,114.2104000003842
739,-34.668049999894635,115.93963000093308
740,-34.953389999985205,115.00262000063566
741,-30.08527999844,115.01244000063878
742,-30.88741999869461,113.05680000001803
743,-30.39531999853841,115.95314000093737
744,-33.72824999959633,116.48036000110471
745,-30.320639998514707,113.00236000000075
746,-32.90881999933623,114.71925000054571
747,-31.464969998877933,113.59148000018774
748,-33.15879999941558,117.78626000151922
749,-34.95698999998635,116.63538000115392
750,-32.53636999921801,116.90100000123823
751,-30.63899999861576,116.88427000123292
752,-30.74784999865031,114.6001300005079
753,-30.634299998614267,117.35052000138091
754,-30.988709998726762,115.8776300009134
755,-31.68324999894722,114.95846000062164
756,-33.459219999510935,117.01482000127436
757,-34.9895999999967,117.15660000131936
758,-32.59418999923636,113.22750000007221
759,-31.39835999885679,113.64695000020535
760,-31.571619998911785,115.77347000088034
761,-33.44347999950594,113.66755000021189
762,-31.448399998872674,116.37341000107077
763,-33.69494999958576,116.44794000109442
764,-34.30049999977797,115.06210000065454
765,-30.694529998633385,115.88309000091513
766,-34.70545999990651,115.27398000072179
767,-34.54591999985587,113.49331000015658
768,-30.926649998707063,117.90488000155688
769,-33.74992999960321,117.64451000147423
770,-32.237749999123224,113.12053000003826
771,-34.50147999984176,116.42421000108689
772,-32.01171999905148,114.88547000059847
773,-30.50566999857344,114.94688000061797
774,-33.1872199994246,113.30525000009689
775,-31.802639998985114,116.38143000107331
776,-31.11266999876611,117.49044000142533
777,-33.67295999957878,114.90242000060385
778,-30.258379998494945,116.64619000115735
779,-30.42820999854885,113.0595300000189
780,-33.324879999468294,113.79178000025132
781,-31.98881999904421,115.38662000075755
782,-31.114479998766683,116.26068000103498
783,-33.442769999505714,113.64515000020478
784,-31.32731999883424,115.11382000067096
785,-34.223079999753395,115.50454000079498
786,-34.172799999737435,115.95282000093727
787,-31.6330999989313,114.74132000055272
788,-32.37694999916741,117.78696000151945
789,-32.29050999913997,114.79209000056883
790,-34.403379999810625,114.05396000033454
791,-30.79415999866501,114.6776300005325
792,-34.41612999981467,115.13196000067671
793,-30.742979998648764,114.2576800003992
794,-32.63633999924974,117.07624000129385
795,-31.671039998943343,113.54240000017217
796,-33.67559999957962,114.50850000047882
797,-33.07647999938945,115.83474000089979
798,-32.4496899991905,114.04053000033028
799,-30.71372999863948,114.09852000034869
800,-31.51079999889248,116.67655000116699
801,-34.65795999989143,116.78506000120143
802,-34.82159999994337,115.75929000087584
803,-30.462339998559685,116.18195000101
804,-33.614379999560185,116.08548000097937
805,-30.64337999861715,117.40903000139949
806,-30.35690999852622,116.65027000115865
807,-34.57673999986565,113.93173000029574
808,-33.089889999393705,115.61511000083007
809,-31.3757099988496,113.67314000021366
810,-34.247179999761045,117.54540000144277
811,-30.66479999862395,116.11174000098771
812,-30.4595499985588,113.36615000011622
813,-30.042169998426317,114.1300700003587
814,-34.09558999971293,115.74107000087005
815,-30.88429999869362,117.73667000150348
816,-33.07387999938862,116.92534000124596
817,-32.0152599990526,117.54440000144245
818,-34.58262999986752,113.6436300002043
819,-32.287249999138936,113.67442000021407
820,-32.188159999107484,116.85154000122253
821,-34.17223999973726,113.43668000013861
822,-30.6444899986175,115.9312000009304
823,-34.13808999972642,117.43620000140811
824,-32.12812999908843,116.80553000120793
825,-30.648029998618625,115.37746000075464
826,-31.19143999879111,114.85704000058945
827,-34.1947399997444,113.96679000030687
828,-32.59739999923738,117.4912800014256
829,-34.55914999986007,117.67167000148285
830,-32.1781399991043,113.18956000006017
831,-34.49966999984119,114.23712000039268
832,-33.836989999630845,113.11007000003494
833,-31.64736999893583,115.56644000081462
834,-30.679509998628617,116.05522000096977
835,-33.06848999938691,117.8857300015508
836,-30.583189998598044,115.55730000081172
837,-30.623579998610865,113.02417000000767
838,-34.531099999851165,113.47840000015185
839,-34.07430999970617,117.5095900014314
840,-30.78265999866136,114.62813000051679
841,-34.65891999989174,115.35661000074802
842,-33.39101999948929,114.00790000031992
843,-34.69906999990448,113.4930400001565
844,-31.960199999035126,114.28609000040822
845,-30.80464999866834,115.32492000073796
846,-33.30766999946283,115.54315000080723
847,-32.67847999926312,115.79173000088613
848,-33.82165999962598,114.62214000051489
849,-33.576379999548124,115.1281300006755
850,-33.01119999936873,115.34587000074461
851,-30.026029998421194,115.31492000073479
852,-33.87185999964191,113.94838000030103
853,-34.124629999722146,117.3337900013756
854,-30.874069998690373,117.47515000142047
855,-33.20022999942873,117.80641000152562
856,-30.68757999863118,116.68240000116884
857,-33.28223999945476,117.57632000145259
858,-34.25314999976294,113.53080000016848
859,-32.63901999925059,117.37203000138774
860,-33.549289999539525,116.05120000096849
861,-30.295249998506648,115.33437000074096
862,-32.04179999906103,115.68980000085378
863,-31.42721999886595,117.34917000138049
864,-31.973709999039414,117.34503000137917
865,-32.73587999928134,115.5049500007951
866,-31.56580999890994,114.50507000047773
867,-30.862439998686682,114.82361000057884
868,-33.723349999594774,117.03835000128183
869,-31.22652999880225,116.24882000103122
870,-31.869359999006292,114.46635000046544
871,-30.148139998459953,115.74506000087132
872,-30.409689998542973,117.39470000139494
873,-32.35115999915922,114.13835000036133
874,-30.612769998607433,116.53676000112262
875,-34.861109999955914,113.088220000028
876,-33.80260999961993,117.0174800012752
877,-33.402639999492976,114.93919000061553
878,-33.56032999954303,116.65574000116038
879,-34.248129999761346,114.47200000046723
880,-30.65597999862115,116.15024000099993
881,-33.113639999401244,113.45553000014459
882,-31.847039998999207,117.2733000013564
883,-33.02746999937389,114.73319000055014
884,-33.98815999967883,113.40848000012966
885,-32.73570999928128,114.45180000046082
886,-33.11204999940074,114.4369100004561
887,-30.188559998472783,113.48557000015413
888,-30.567659998593115,113.29148000009252
889,-31.991379999045023,113.89720000028478
890,-30.036999998424676,117.08529000129673
891,-32.03710999905954,117.35780000138323
892,-34.11168999971804,117.3611700013843
893,-34.560619999860535,116.95701000125601
894,-30.490259998568547,116.85662000122414
895,-33.0747599993889,116.24295000102936
896,-34.907929999970776,117.49898000142804
897,-32.59830999923767,116.69809000117382
898,-33.5583399995424,115.90217000092119
899,-33.38293999948672,113.17619000005593
900,-30.14916999846028,117.53877000144067
901,-31.159129998780855,114.4416700004576
902,-31.971859999038827,114.34803000042788
903,-30.064949998433548,117.08010000129508
904,-30.977089998723073,116.86219000122591
905,-33.0867199993927,116.42904000108842
906,-32.37169999916574,113.23899000007586
907,-32.54552999922092,116.72427000118213
908,-33.52911999953312,117.58573000145557
909,-33.3368699994721,115.16572000068743
910,-34.05659999970055,115.83655000090036
911,-31.73655999896414,114.09123000034637
912,-32.16491999910011,114.39780000044368
913,-34.08906999971086,114.53606000048757
914,-31.848729998999744,115.11078000066999
915,-30.635969998614797,114.74873000055507
916,-33.13880999940923,115.13549000067783
917,-30.253769998493482,117.33321000137542
918,-31.991539999045074,115.31418000073455
919,-32.81257999930568,115.80750000089114
920,-34.23198999975622,113.81330000025815
921,-32.06019999906687,117.05912000128842
922,-34.86114999995593,115.9768600009449
923,-31.394629998855606,114.90023000060316
924,-30.144559998458817,113.63563000020176
925,-32.322279999150055,113.51392000016313
926,-34.578609999866245,116.96457000125841
927,-32.9569299993515,113.98713000031333
928,-33.56899999954578,113.72542000023026
929,-33.41809999949788,114.6899200005364
930,-31.918849999022,116.70478000117595
931,-34.38165999980373,113.62970000019988
932,-31.125299998770117,114.04397000033137
933,-32.10449999908093,116.4236300010867
934,-32.91976999933971,116.42019000108561
935,-34.44255999982306,115.599120000825
936,-33.126369999405284,116.9938300012677
937,-31.659259998939604,114.06143000033691
938,-33.314639999465044,113.61536000019532
939,-33.18204999942296,116.39750000107841
940,-31.199649998793717,114.87542000059528
941,-32.2534199991282,115.74070000086994
942,-30.851389998683175,115.96316000094055
943,-34.081749999708535,117.95266000157204
944,-33.171579999419635,115.82509000089672
945,-30.048959998428472,113.80056000025411
946,-31.746619998967333,116.77813000119923
947,-34.98508999999527,115.22461000070612
948,-31.189779998790584,115.16746000068798
949,-33.67266999957869,117.98964000158378
950,-31.28660999882132,117.14724000131639
951,-30.090999998441816,113.31739000010074
952,-31.307269998827877,117.84279000153717
953,-33.16462999941743,113.28085000008915
954,-34.45634999982744,116.64659000115748
955,-32.97239999935641,115.86081000090806
956,-33.84307999963278,114.00031000031751
957,-30.503449998572734,117.97329000157859
958,-34.867409999957914,115.48591000078906
959,-32.87589999932578,113.0690000000219
960,-32.494069999204584,114.25833000039941
961,-33.734379999598275,116.42020000108562
962,-32.21615999911637,117.05588000128739
963,-33.07629999938939,117.55067000144444
964,-33.22049999943516,117.09581000130007
965,-33.49328999952175,117.25177000134957
966,-30.063909998433218,117.98429000158208
967,-34.66843999989476,117.58169000145429
968,-31.732639998962895,115.02148000064165
969,-34.19177999974346,116.40355000108033
970,-30.156589998462636,114.78375000056619
971,-32.066929999069,116.57030000113326
972,-30.86913999868881,113.24908000007906
973,-30.79793999866621,117.6170000014655
974,-33.63474999956665,113.30058000009541
975,-31.79118999898148,114.46608000046535
976,-32.630849999248,115.00427000063618
977,-30.233749998487127,115.0739600006583
978,-30.402899998540818,113.97733000031022
979,-31.60792999892331,113.45063000014304
980,-30.2068799984786,116.92904000124713
981,-33.60862999955836,117.30332000136593
982,-34.09208999971182,114.64507000052217
983,-31.34218999883896,116.36541000106823
984,-33.986449999678285,116.06241000097205
985,-34.38353999980433,115.96281000094044
986,-30.36890999853003,115.73626000086853
987,-30.382129998534225,115.48229000078791
988,-30.714149998639613,114.87278000059445
989,-31.80300999898523,113.47991000015233
990,-30.468139998561526,113.38484000012215
991,-33.363889999480676,115.24949000071402
992,-33.78167999961329,115.21743000070384
993,-33.109609999399964,117.14670000131622
994,-30.381999998534184,115.25870000071694
995,-33.7511599996036,113.03854000001223
996,-33.03578999937653,115.22599000070656
997,-34.087229999710274,116.80236000120692
998,-33.96556999967166,114.6209300005145
999,-34.274369999769675,115.66694000084652
1000,-31.648589998936217,116.28512000104274
1001,-32.806789999303845,114.88386000059796
1002,-31.268949998815714,114.64995000052372
1003,-33.19511999942711,114.69517000053807
1004,-30.933009998709082,115.07759000065946
1005,-34.23656999975768,116.26965000103783
1006,-34.96814999998989,116.00101000095256
1007,-34.64910999988862,113.77856000024713
1008,-32.051339999064055,114.23595000039231
1009,-34.352469999794465,114.4999400004761
1010,-34.5189199998473,113.53538000016994
1011,-32.219259999117355,114.90222000060379
1012,-32.5602799992256,117.88964000155204
1013,-30.38888999853637,114.14695000036406
1014,-31.983199999042426,114.20088000038118
1015,-33.62539999956368,114.92892000061227
1016,-30.8451699986812,113.48120000015274
1017,-33.877319999643646,115.28185000072429
1018,-34.45603999982734,115.69313000085484
1019,-32.853319999318614,115.47109000078436
1020,-30.92742999870731,115.61790000083096
1021,-34.937919999980295,114.84434000058542
1022,-32.97658999935774,115.68511000085229
1023,-32.33492999915407,117.77267000151491
1024,-31.717079998957956,114.26431000040131
1025,-31.006589998732437,114.47438000046799
1026,-33.092789999394626,117.92848000156437
1027,-30.24679999849127,117.47231000141957
1028,-30.27549999850038,115.91870000092644
1029,-32.85510999931918,114.90842000060576
1030,-31.07499999875415,117.99644000158594
1031,-31.073879998753796,116.94005000125063
1032,-34.46671999983073,116.9894400012663
1033,-34.70554999990654,116.13299000099445
1034,-34.8859599999638,115.86951000091082
1035,-32.38981999917149,114.14167000036238
1036,-32.75348999928693,115.02915000064408
1037,-33.84992999963495,115.98150000094637
1038,-30.72131999864189,115.6224400008324
1039,-32.61033999924149,113.58259000018492
1040,-30.490009998568468,114.5774500005007
1041,-33.09535999939544,114.383070000439
1042,-31.258689998812457,113.52092000016535
1043,-34.28014999977151,114.1921500003784
1044,-32.112109999083344,113.89780000028497
1045,-34.318729999783756,114.0724100003404
1046,-34.51782999984695,115.7317700008671
1047,-32.564079999226806,113.34981000011103
1048,-32.879659999326975,113.03723000001182
1049,-32.64402999925218,115.67972000085058
1050,-31.03059999874006,114.7003100005397
1051,-32.198339999110715,117.63295000147056
1052,-32.488339999202765,114.60694000051006
1053,-32.65728999925639,116.98036000126342
1054,-34.947529999983345,114.91803000060881
1055,-30.202169998477103,116.17957000100924
1056,-34.38180999980378,114.1042500003505
1057,-31.24606999880845,116.47585000110328
1058,-31.85854999900286,117.49999000142836
1059,-31.805859998986136,113.28880000009167
1060,-31.31748999883112,116.52501000111889
1061,-31.01409999873482,115.36264000074993
1062,-34.19488999974445,115.95748000093874
1063,-32.05452999906507,117.53328000143892
1064,-34.054149999699774,113.68466000021732
1065,-32.12916999908876,113.50779000016118
1066,-30.203619998477564,116.92268000124511
1067,-32.46211999919444,115.76530000087774
1068,-32.134169999090346,115.39155000075911
1069,-34.69804999990416,114.00422000031875
1070,-31.938669999028292,115.34261000074358
1071,-32.11350999908379,114.60293000050879
1072,-33.11438999940148,116.58358000113748
1073,-33.08429999939193,115.57912000081865
1074,-34.14077999972727,114.37146000043532
1075,-30.87607999869101,115.63076000083504
1076,-32.11414999908399,116.21806000102146
1077,-32.265699999132096,113.04865000001544
1078,-30.957089998716725,116.26780000103724
1079,-34.57609999986545,116.33901000105985
1080,-32.84819999931699,115.45155000077816
1081,-31.801609998984787,113.5809400001844
1082,-31.967259999037367,113.1896700000602
1083,-32.063879999068035,115.62477000083314
1084,-34.987759999996115,117.2291900013424
1085,-30.639459998615905,114.70782000054209
1086,-30.538169998583754,115.48362000078833
1087,-33.21279999943272,114.82669000057982
1088,-30.578349998596508,114.1555700003668
1089,-30.702309998635855,113.18567000005893
1090,-30.076919998437347,115.2661100007193
1091,-32.695229999268435,116.10785000098647
1092,-32.95417999935063,117.98944000158372
1093,-31.45937999887616,117.89858000155488
1094,-33.55397999954101,116.20030000101582
1095,-33.448629999507574,113.8068200002561
1096,-30.969439998720645,114.43261000045473
1097,-31.074339998753942,115.01339000063908
1098,-34.32619999978613,114.5897400005046
1099,-34.7548899999222,117.7849100015188
1100,-32.30963999914604,115.8114700008924
1101,-31.626209998929113,115.54328000080727
1102,-32.73279999928036,115.7263900008654
1103,-31.368579998847338,117.47936000142181
1104,-31.887619999012088,115.3644300007505
1105,-31.425599998865437,117.39086000139372
1106,-32.2247599991191,113.09288000002948
1107,-32.496469999205345,115.34663000074485
1108,-31.236089998805284,116.43354000108985
1109,-34.99596999999872,116.6592800011615
1110,-34.52997999985081,113.8140800002584
1111,-33.339029999472785,115.98227000094661
1112,-30.707139998637388,117.41131000140021
1113,-31.967319999037386,113.52696000016726
1114,-33.69283999958509,114.4032300004454
1115,-34.099989999714325,114.03350000032805
1116,-32.41961999918095,115.34608000074468
1117,-33.27230999945161,115.68967000085374
1118,-33.16668999941808,114.58168000050205
1119,-31.847999998999512,117.10807000130396
1120,-33.06368999938539,114.59270000050554
1121,-30.44729999855491,116.21449000102032
1122,-34.161989999734004,113.58003000018411
1123,-32.41005999917792,117.05689000128771
1124,-30.72519999864312,115.94995000093635
1125,-34.632139999883236,114.17657000037346
1126,-32.633729999248914,117.1705900013238
1127,-33.50755999952628,113.50549000016045
1128,-31.195609998792435,113.70091000022248
1129,-30.562939998591617,113.51451000016331
1130,-33.141489999410084,115.97099000094303
1131,-33.683119999582004,113.51498000016346
1132,-32.47890999919977,116.56063000113019
1133,-31.242009998807163,116.61440000114726
1134,-34.30689999978,117.92553000156343
1135,-30.835099998678004,114.23306000039139
1136,-32.09444999907774,113.58103000018443
1137,-33.32136999946718,117.00324000127068
1138,-33.432819999502556,117.6976400014911
1139,-32.899319999333215,116.92877000124705
1140,-30.439529998552445,115.98013000094593
1141,-32.83427999931257,114.18624000037653
1142,-33.064059999385506,114.16169000036874
1143,-34.527319999849965,113.65854000020903
1144,-30.06838999843464,114.08011000034284
1145,-31.793749998982292,116.956970001256
1146,-30.348189998523452,116.12119000099071
1147,-33.52391999953147,117.48680000142417
1148,-32.45142999919105,115.09610000066533
1149,-30.608779998606167,113.96190000030532
1150,-32.83870999931398,116.50401000111222
1151,-31.66627999894183,116.2298500010252
1152,-31.05864999874896,114.04329000033115
1153,-33.12049999940342,115.70355000085814
1154,-31.203289998794872,115.65656000084323
1155,-33.12298999940421,114.74291000055322
1156,-31.13850999877431,116.67004000116492
1157,-32.60568999924001,113.27862000008844
1158,-32.802629999302525,115.96943000094254
1159,-32.072509999070775,114.01072000032082
1160,-31.770339998974862,114.0689600003393
1161,-31.255619998811483,114.90638000060511
1162,-34.03711999969437,113.38067000012083
1163,-30.10647999844673,114.37860000043759
1164,-30.94767999871374,115.73471000086803
1165,-34.534029999852095,116.71916000118051
1166,-34.22117999975279,116.93597000124933
1167,-34.307579999780216,113.17436000005534
1168,-33.91328999965506,115.60141000082572
1169,-30.095379998443207,116.85677000122419
1170,-33.67494999957941,116.54221000112435
1171,-33.168869999418774,117.24341000134692
1172,-33.117489999402466,113.03110000000987
1173,-34.62495999988096,115.74080000086997
1174,-34.91458999997289,113.11161000003543
1175,-34.1364599997259,114.52963000048553
1176,-33.48515999951917,113.1282200000407
1177,-33.370849999482886,116.21658000102099
1178,-32.34154999915617,114.78206000056565
1179,-31.141989998775415,116.75091000119059
1180,-31.202009998794466,115.79906000088846
1181,-33.07499999938898,115.67895000085034
1182,-31.82646999899268,115.31327000073426
1183,-33.97509999967468,116.29283000104519
1184,-33.18432999942368,114.8987800006027
1185,-30.81539999867175,115.8237600008963
1186,-31.992839999045486,117.31400000136932
1187,-31.099149998761817,115.22714000070692
1188,-34.60312999987403,115.00228000063555
1189,-30.194179998474567,116.71178000117817
1190,-34.991479999997296,113.995550000316
1191,-31.252169998810388,116.2027600010166
1192,-32.650149999254126,116.80227000120689
1193,-32.08793999907567,115.19814000069772
1194,-31.7641599989729,117.20858000133586
1195,-33.809269999622046,115.85920000090755
1196,-32.26672999913242,115.11842000067242
1197,-30.597299998602523,115.94419000093453
1198,-33.054949999382615,115.00445000063624
1199,-32.45007999919062,115.05721000065299
1200,-30.57718999859614,113.31298000009934
1201,-34.30954999978084,117.47514000142047
1202,-34.963819999988516,116.84947000122187
1203,-31.75523999897007,113.22744000007219
1204,-34.7170799999102,114.97234000062605
1205,-33.19956999942852,117.45564000141428
1206,-34.5353099998525,117.25107000134935
1207,-31.511389998892668,114.83015000058091
1208,-32.65302999925504,115.40584000076365
1209,-30.92150999870543,115.16584000068747
1210,-32.470159999196994,114.41473000044905
1211,-32.93388999934419,117.71942000149801
1212,-32.054309999065,113.25812000008193
1213,-30.407799998542373,113.41783000013262
1214,-33.65992999957464,115.52471000080138
1215,-31.515249998893893,117.00408000127095
1216,-31.732039998962705,113.5390600001711
1217,-30.418709998545836,117.97860000158028
1218,-34.27073999976852,115.20099000069862
1219,-31.622929998928072,117.7174900014974
1220,-30.477679998564554,117.05160000128603
1221,-30.126849998453196,117.25312000135
1222,-32.504379999207856,116.39215000107671
1223,-33.663209999575685,113.98320000031208
1224,-33.580699999549495,113.97177000030845
1225,-30.17509999846851,113.7548400002396
1226,-34.96874999999008,116.12555000099209
1227,-30.966379998719674,114.4155000004493
1228,-33.52958999953327,114.93064000061281
1229,-32.49307999920427,116.24893000103125
1230,-32.165319999100234,117.03779000128165
1231,-33.34043999947323,117.88396000155024
1232,-32.213269999115454,117.5990400014598
1233,-32.64038999925103,117.48599000142391
1234,-31.172679998785156,113.62079000019705
1235,-34.80388999993775,115.10921000066949
1236,-33.31210999946424,115.54141000080668
1237,-30.51156999857531,113.22577000007166
1238,-33.19420999942682,114.20331000038195
1239,-34.08249999970877,116.32232000105455
1240,-33.68632999958302,115.03941000064734
1241,-33.789889999615895,114.6584000005264
1242,-32.63734999925006,115.99153000094955
1243,-31.638319998932957,114.27480000040464
1244,-32.06064999906701,114.61471000051253
1245,-30.78177999866108,113.01613000000512
1246,-31.854019999001423,117.21307000133729
1247,-31.501399998889497,113.08867000002815
1248,-32.44267999918827,116.76345000119457
1249,-31.61504999892557,115.29452000072831
1250,-31.291549998822887,115.75898000087574
1251,-31.23727999880566,117.15616000131922
1252,-33.44647999950689,116.81721000121163
1253,-31.967629999037484,116.18522000101103
1254,-31.75044999896855,117.51055000143171
1255,-32.44006999918744,116.1800600010094
1256,-34.9007599999685,116.61162000114638
1257,-32.125819999087696,113.8210200002606
1258,-32.85532999931925,117.35811000138332
1259,-32.47430999919831,115.30367000073122
1260,-33.90278999965173,116.65339000115964
1261,-31.174099998785607,114.93269000061346
1262,-34.79719999993563,114.03515000032857
1263,-31.739219998964984,116.49903000111064
1264,-30.30602999851007,115.61338000082952
1265,-34.72766999991356,113.97305000030886
1266,-31.68010999894622,116.09585000098267
1267,-33.23796999944071,113.06942000002203
1268,-34.575299999865194,117.66065000147935
1269,-34.70614999990673,115.23266000070868
1270,-30.277749998501093,116.47101000110175
1271,-30.545009998585925,115.45654000077974
1272,-32.60023999923828,117.81545000152849
1273,-30.905239998700267,115.14841000068193
1274,-33.072719999388255,114.76954000056168
1275,-32.07891999907281,117.36427000138528
1276,-30.928739998707726,114.14621000036382
1277,-34.95816999998672,113.89386000028372
1278,-33.061379999384656,117.40949000139963
1279,-30.96254999871846,115.48243000078796
1280,-31.251209998810083,115.592840000823
1281,-30.980049998724013,113.99291000031516
1282,-30.931719998708672,115.30183000073063
1283,-32.42439999918247,117.34852000138028
1284,-33.44152999950532,117.07150000129235
1285,-33.91079999965427,113.2104600000668
1286,-30.683209998629792,114.59687000050687
1287,-30.39971999853981,116.84582000122072
1288,-30.77475999865885,116.67702000116714
1289,-32.63393999924898,116.95621000125576
1290,-32.08606999907508,116.82268000121337
1291,-33.26918999945062,115.79648000088764
1292,-34.9089499999711,117.31333000136911
1293,-30.308409998510825,114.99324000063268
1294,-31.769849998974706,116.40605000108113
1295,-33.1213899994037,113.72088000022882
1296,-33.158789999415575,114.83603000058278
1297,-34.573569999864645,114.17510000037299
1298,-33.959419999669706,115.91004000092369
1299,-34.07748999970718,115.78952000088543
1300,-30.564689998592172,113.3947700001253
1301,-33.70931999959032,114.76347000055975
1302,-31.260579998813057,117.04944000128535
1303,-32.11619999908464,114.31528000041749
1304,-30.109649998447736,115.59026000082218
1305,-32.93189999934356,113.43153000013697
1306,-32.4758399991988,115.3741700007536
1307,-33.88146999964496,115.81659000089402
1308,-33.30794999946292,113.80403000025521
1309,-34.41373999981391,115.02209000064184
1310,-30.116979998450063,117.3640200013852
1311,-30.804959998668437,114.86009000059042
1312,-34.0337499996933,116.95641000125582
1313,-34.26017999976517,113.02266000000719
1314,-34.17791999973906,117.68862000148823
1315,-31.334209998836428,117.27113000135571
1316,-34.18696999974193,114.58706000050375
1317,-32.353189999159866,113.36751000011665
1318,-31.4560399988751,115.75796000087541
1319,-33.32524999946841,115.80314000088975
1320,-30.864149998687225,116.30181000104804
1321,-32.19774999911053,113.52134000016548
1322,-32.911259999337005,116.61858000114859
1323,-33.76466999960789,114.0676900003389
1324,-33.073729999388576,117.01583000127468
1325,-33.69344999958528,116.7610200011938
1326,-34.95060999998432,116.67024000116498
1327,-31.460879998876635,117.71207000149568
1328,-30.61577999860839,117.95655000157328
1329,-31.901259999016418,113.51590000016375
1330,-30.55926999859045,115.8685100009105
1331,-30.956299998716474,117.09143000129868
1332,-31.396699998856263,114.69725000053873
1333,-31.09883999876172,114.20413000038221
1334,-30.864339998687285,115.43588000077318
1335,-34.90761999997068,116.4116300010829
1336,-31.308239998828185,113.97879000031068
1337,-30.859899998685876,115.52597000080178
1338,-34.537089999853066,113.18342000005822
1339,-34.590389999869984,115.08523000066188
1340,-30.542069998584992,115.65755000084354
1341,-30.411929998543684,116.35548000106508
1342,-33.61114999955916,114.95428000062032
1343,-31.041359998743474,113.56326000017879
1344,-32.110759999082916,115.29657000072896
1345,-34.52203999984829,114.63474000051889
1346,-30.94238999871206,115.25187000071477
1347,-31.480789998882955,116.14439000099807
1348,-34.16590999973525,113.57140000018137
1349,-32.216899999116606,116.07537000097616
1350,-32.892359999331006,116.04898000096779
1351,-30.722919998642396,113.91940000029183
1352,-31.14905999877766,113.29408000009335
1353,-30.6463799986181,115.30472000073155
1354,-31.665059998941445,116.11945000099016
1355,-31.244909998808083,114.77173000056237
1356,-32.4686099991965,114.89299000060086
1357,-33.6938099995854,117.27451000135679
1358,-32.06495999906838,113.05224000001658
1359,-32.30270999914384,113.6515300002068
1360,-30.125269998452694,116.14507000099829
1361,-30.35977999852713,116.44381000109311
1362,-33.97255999967388,113.91407000029014
1363,-32.74401999928392,115.22504000070626
1364,-31.65391999893791,117.2559700013509
1365,-33.443119999505825,116.97333000126119
1366,-32.41635999917992,117.67228000148305
1367,-34.53867999985357,116.99537000126818
1368,-33.00666999936729,115.12874000067569
1369,-30.126119998452964,117.60846000146279
1370,-30.554809998589036,115.21019000070154
1371,-30.25000999849229,115.23221000070853
1372,-33.5989899995553,116.42176000108611
1373,-31.422009998864297,117.9878200015832
1374,-33.8774999996437,117.96716000157664
1375,-32.875599999325686,116.6375200011546
1376,-34.8538199999536,116.58755000113874
1377,-32.59518999923668,115.35302000074688
1378,-34.21726999975155,115.2724100007213
1379,-34.360499999797014,115.73628000086853
1380,-31.061619998749904,116.75861000119303
1381,-34.40415999981087,117.63989000147276
1382,-33.55189999954035,117.57948000145359
1383,-31.306609998827668,115.58959000082197
1384,-31.564599998909557,116.64685000115756
1385,-32.92872999934255,117.37573000138892
1386,-32.884449999328496,116.93223000124814
1387,-31.644679998934976,115.96278000094043
1388,-31.37431999884916,115.92485000092839
1389,-32.73657999928156,117.41938000140277
1390,-31.158499998780655,115.95838000093903
1391,-32.18360999910604,113.12709000004034
1392,-34.970619999990674,117.46250000141646
1393,-32.67976999926353,115.36144000074955
1394,-30.27505999850024,117.07647000129393
1395,-32.071379999070416,117.90946000155833
1396,-34.58642999986873,113.60921000019337
1397,-33.77402999961086,113.393820000125
1398,-33.76050999960657,113.88821000028193
1399,-31.25444999881111,117.88879000155177
1400,-34.53492999985238,114.85652000058928
1401,-30.884379998693646,114.28787000040879
1402,-33.5703099995462,116.71481000117913
1403,-30.643359998617143,116.14592000099856
1404,-33.40463999949361,115.1561900006844
1405,-34.76267999992467,114.08485000034435
1406,-31.974689999039725,113.49111000015589
1407,-32.43138999918469,113.08526000002706
1408,-33.44904999950771,115.15878000068523
1409,-34.046559999697365,117.05977000128863
1410,-32.95607999935123,114.3166000004179
1411,-32.328269999151956,113.55631000017658
1412,-31.38370999885214,114.89347000060101
1413,-31.665499998941584,114.95272000061982
1414,-31.43426999886819,117.10888000130421
1415,-31.31697999883096,115.24058000071119
1416,-32.77838999929483,113.79396000025201
1417,-33.79800999961847,114.35693000043071
1418,-31.08730999875806,114.04414000033142
1419,-32.82106999930838,115.34599000074465
1420,-32.05559999906541,116.49579000110961
1421,-31.802039998984924,117.97248000157833
1422,-34.14524999972869,115.86430000090917
1423,-32.16359999909969,115.6362900008368
1424,-34.18009999973975,115.44738000077683
1425,-31.34835999884092,116.66488000116328
1426,-34.44832999982489,113.15435000004899
1427,-30.42328999854729,115.69110000085419
1428,-30.082809998439217,117.50260000142919
1429,-33.10304999939788,114.55427000049335
1430,-34.42847999981859,116.2402400010285
1431,-34.82444999994428,116.38949000107587
1432,-31.970409999038367,115.10395000066782
1433,-32.105619999081284,116.57154000113366
1434,-31.60782999892328,116.78446000120124
1435,-32.53207999921665,116.76148000119395
1436,-34.29432999977601,117.35578000138258
1437,-32.820809999308295,117.49987000142832
1438,-34.629429999882376,114.18501000037614
1439,-31.35787999884394,114.16446000036962
1440,-30.787779998662984,116.8501900012221
1441,-32.77821999929478,115.00251000063562
1442,-31.149679998777856,117.42929000140592
1443,-32.37143999916566,117.25832000135165
1444,-33.052589999381865,115.25618000071614
1445,-30.901079998698947,117.93670000156698
1446,-30.483729998566474,117.74570000150635
1447,-31.549479998904758,113.06945000002204
1448,-33.2215699994355,116.97284000126103
1449,-32.74791999928516,117.46364000141682
1450,-32.27301999913442,114.71906000054565
1451,-34.488729999837716,114.05663000033539
1452,-32.82629999931004,117.09011000129826
1453,-31.50924999889199,115.02750000064356
1454,-32.34833999915833,114.49846000047563
1455,-31.835339998995494,113.76471000024273
1456,-30.309189998511073,114.42720000045301
1457,-30.822149998673893,115.9384400009327
1458,-30.324719998516002,113.84556000026839
1459,-31.93755999902794,114.0629800003374
1460,-30.72380999864268,116.42470000108705
1461,-31.02968999873977,117.40951000139964
1462,-34.94426999998231,113.82028000026037
1463,-33.33931999947288,116.73508000118557
1464,-34.39331999980743,114.0182400003232
1465,-30.97483999872236,114.5295700004855
1466,-32.702349999270695,117.763510001512
1467,-34.65202999988955,114.83019000058093
1468,-30.48115999856566,115.46348000078194
1469,-33.18664999942442,116.30944000105046
1470,-31.413809998861694,116.81885000121216
1471,-33.034439999376104,113.23059000007319
1472,-34.06576999970346,116.84330000121992
1473,-34.88477999996343,113.48017000015241
1474,-31.44523999887167,116.4768500011036
1475,-32.96832999935512,117.70873000149462
1476,-30.990859998727444,115.83083000089854
1477,-31.810449998987593,115.96877000094233
1478,-32.75063999928602,117.11189000130517
1479,-32.68540999926532,117.71831000149766
1480,-30.235699998487746,117.60859000146283
1481,-34.3591899997966,116.27410000103924
1482,-31.537689998901016,114.07575000034146
1483,-33.75643999960528,115.2528800007151
1484,-31.593229998918645,116.0197200009585
1485,-31.429539998866687,113.04809000001526
1486,-33.30483999946193,116.64125000115578
1487,-31.65004999893668,114.94208000061644
1488,-30.882079998692916,117.57339000145166
1489,-31.437669998869268,115.1908500006954
1490,-31.857079999002394,117.62375000146764
1491,-31.47194999888015,117.84464000153775
1492,-32.06605999906873,116.6117000011464
1493,-30.003159998413935,117.48521000142367
1494,-30.540759998584576,114.65362000052488
1495,-30.975919998722702,113.18640000005917
1496,-31.104569998763537,115.54634000080824
1497,-33.8289699996283,113.17381000005517
1498,-32.892729999331124,114.49348000047405
1499,-30.781199998660895,114.17350000037248
1500,-31.870889999006778,113.83448000026488
1501,-33.54141999953703,116.16397000100429
1502,-30.025409998420997,117.1053700013031
1503,-30.17156999846739,113.26001000008253
1504,-30.93536999870983,117.77276000151494
1505,-31.754289998969767,115.31317000073423
1506,-30.90080999869886,113.84287000026754
1507,-31.984769999042925,116.2339700010265
1508,-33.32157999946725,114.86964000059345
1509,-30.759239998653925,117.80651000152565
1510,-32.56641999922755,113.77538000024612
1511,-34.1796199997396,116.81359000121049
1512,-31.99127999904499,113.92966000029509
1513,-34.89236999996584,115.50512000079516
1514,-32.05899999906649,114.81648000057658
1515,-32.21811999911699,117.66312000148014
1516,-34.43817999982167,116.89409000123604
1517,-30.735949998646532,116.28462000104258
1518,-32.916389999338634,114.59915000050759
1519,-30.474619998563583,115.71469000086168
1520,-32.88232999932782,114.46030000046352
1521,-33.04578999937971,117.42131000140338
1522,-31.609899998923936,117.07412000129318
1523,-30.40690999854209,113.49098000015584
1524,-30.16211999846439,116.20185000101631
1525,-33.37769999948506,114.81727000057683
1526,-30.944829998712834,113.72276000022941
1527,-31.09698999876113,117.62681000146861
1528,-30.4740399985634,115.06220000065457
1529,-34.41199999981336,113.37103000011777
1530,-33.13274999940731,117.42521000140462
1531,-32.97975999935875,114.49596000047484
1532,-31.20948999879684,114.58015000050156
1533,-33.15212999941346,115.74591000087159
1534,-33.90302999965181,116.13578000099534
1535,-34.45459999982688,117.17695000132582
1536,-31.885059999011276,113.08651000002746
1537,-34.53543999985254,113.08166000002592
1538,-33.04843999938055,113.31707000010064
1539,-30.414289998544433,117.69461000149013
1540,-30.581799998597603,116.67332000116596
1541,-32.41564999917969,116.5792400011361
1542,-32.16334999909961,114.6363300005194
1543,-32.591049999235366,114.29524000041113
1544,-34.31778999978346,115.84836000090411
1545,-32.96162999935299,117.20514000133477
1546,-32.82407999930933,113.38356000012175
1547,-32.639529999250755,115.91320000092469
1548,-34.62528999988106,113.42302000013427
1549,-30.17209999846756,115.95919000093929
1550,-30.8221699986739,114.56270000049602
1551,-33.80499999962069,114.15301000036598
1552,-30.569479998593692,114.29749000041184
1553,-34.92743999997697,114.28007000040631
1554,-30.938759998710907,114.54817000049141
1555,-34.52825999985026,117.65055000147615
1556,-34.92290999997553,115.48939000079017
1557,-33.71013999959058,114.11323000035335
1558,-34.45099999982574,114.81682000057668
1559,-33.61961999956185,116.20854000101843
1560,-34.311639999781505,117.95482000157273
1561,-32.44865999919017,114.31355000041694
1562,-32.03015999905733,114.39322000044223
1563,-34.6197299998793,114.39387000044243
1564,-31.74361999896638,116.17868000100896
1565,-32.401479999175194,113.73362000023286
1566,-30.51512999857644,116.0197300009585
1567,-33.85759999963739,116.02998000096176
1568,-33.3456999994749,116.09821000098341
1569,-34.11681999971967,113.23779000007548
1570,-32.61402999924266,116.172500001007
1571,-33.82059999962564,116.25335000103266
1572,-32.208009999113784,113.48160000015287
1573,-31.143029998775745,115.12742000067527
1574,-30.207729998478868,114.36342000043277
1575,-31.828669998993377,115.56294000081351
1576,-32.18004999910491,114.36898000043453
1577,-34.21076999974949,114.58856000050423
1578,-31.363759998845808,116.88274000123243
1579,-34.834899999947595,117.3404000013777
1580,-32.54544999922089,117.63725000147193
1581,-33.241109999441704,113.48657000015444
1582,-31.270709998816272,115.66109000084467
1583,-31.552119998905596,114.96278000062301
1584,-31.03601999874178,114.23733000039275
1585,-30.452199998556466,113.60475000019196
1586,-32.73348999928058,116.56026000113008
1587,-34.563049999861306,117.2789600013582
1588,-32.99745999936437,114.39037000044132
1589,-31.285429998820945,117.64808000147536
1590,-30.138719998456963,115.35817000074852
1591,-32.66946999926026,116.67398000116617
1592,-33.101069999397254,113.22356000007096
1593,-32.31683999914833,113.085060000027
1594,-30.75988999865413,117.69117000148904
1595,-32.42352999918219,116.714390001179
1596,-34.782479999930956,113.93270000029605
1597,-32.93174999934351,115.11311000067073
1598,-31.86355999900445,113.8560000002717
1599,-32.68972999926669,115.123420000674
1600,-31.312649998829585,113.09148000002904
1601,-30.748239998650433,117.78976000152034
1602,-34.709979999907944,113.64595000020503
1603,-32.716749999275265,115.23111000070818
1604,-33.53401999953468,114.97902000062817
1605,-30.68338999862985,115.9564000009384
1606,-31.09206999875957,115.1921100006958
1607,-31.645149998935125,113.99151000031472
1608,-32.976909999357844,114.74761000055472
1609,-31.4094199988603,116.23714000102751
1610,-31.550959998905228,114.00592000031929
1611,-30.24881999849191,117.0354500012809
1612,-32.7480599992852,115.21119000070186
1613,-32.988599999361554,115.8077000008912
1614,-32.16069999909877,113.88585000028118
1615,-34.06466999970311,113.4965100001576
1616,-34.8342799999474,117.72780000150067
1617,-32.82160999930855,115.94991000093634
1618,-33.36093999947974,113.69566000022081
1619,-33.15732999941511,113.2000600000635
1620,-33.47966999951743,116.47167000110196
1621,-33.70178999958793,114.53594000048753
1622,-33.95489999966827,115.78132000088283
1623,-30.557679998589947,113.79636000025278
1624,-32.85717999931984,117.32341000137231
1625,-31.90743999901838,115.37424000075362
1626,-33.14354999941074,113.71184000022595
1627,-31.513739998893413,114.86970000059347
1628,-32.43454999918569,113.80203000025458
1629,-30.922529998705755,116.91973000124418
1630,-31.94568999903052,116.19052000101271
1631,-30.82808999867578,113.30291000009615
1632,-31.531819998899152,113.37808000012001
1633,-30.651969998619876,115.10057000066675
1634,-32.66008999925728,116.63417000115354
1635,-32.924209999341116,114.55389000049323
1636,-31.712919998956636,116.8032200012072
1637,-32.26933999913325,116.82933000121548
1638,-34.7161399999099,115.48544000078891
1639,-30.221289998483172,114.7204600005461
1640,-31.5593799989079,115.50986000079666
1641,-34.831689999946576,116.81313000121034
1642,-33.40637999949416,114.82872000058046
1643,-33.58962999955233,114.42266000045157
1644,-34.79997999993651,117.58977000145686
1645,-30.351009998524347,114.48222000047048
1646,-33.35428999947763,116.91914000124399
1647,-31.58980999891756,113.94412000029968
1648,-33.79667999961805,116.88394000123282
1649,-32.6311599992481,113.76961000024428
1650,-34.70337999990585,115.78613000088436
1651,-33.06743999938658,114.13814000036126
1652,-30.2059399984783,116.66381000116294
1653,-32.45627999919259,113.78532000024927
1654,-33.311349999464,115.10492000066813
1655,-30.28183999850239,116.79775000120546
1656,-31.06191999875,115.50295000079447
1657,-33.84383999963302,113.62069000019702
1658,-31.70753999895493,114.97872000062807
1659,-31.77735999897709,117.50690000143055
1660,-30.15515999846218,114.1181100003549
1661,-31.51057999889241,113.8408500002669
1662,-30.06501999843357,116.94519000125226
1663,-30.658769998622034,117.24756000134823
1664,-33.26008999944773,117.94451000156945
1665,-30.301409998508603,114.26331000040099
1666,-32.92377999934098,113.55117000017495
1667,-34.32942999978715,117.22486000134103
1668,-31.534189998899905,115.65896000084399
1669,-34.82495999994444,116.06119000097166
1670,-33.42107999949883,116.99588000126835
1671,-32.00077999904801,114.78290000056592
1672,-30.637159998615175,113.28981000009199
1673,-31.56324999890913,117.52644000143675
1674,-33.77862999961232,113.59932000019023
1675,-33.98375999967743,114.03330000032798
1676,-31.882189999010365,116.9027800012388
1677,-32.13583999909088,117.62685000146863
1678,-34.6474699998881,116.3193400010536
1679,-32.595329999236725,115.38421000075678
1680,-30.843479998680664,115.24222000071171
1681,-34.85407999995368,113.84728000026894
1682,-33.869159999641056,117.93023000156492
1683,-34.82879999994566,115.66293000084525
1684,-34.90670999997039,115.87997000091414
1685,-32.75821999928843,115.05171000065124
1686,-31.31225999882946,114.53787000048814
1687,-33.05486999938259,115.04920000065044
1688,-33.79044999961607,116.56817000113259
1689,-32.86778999932321,117.549270001444
1690,-32.064599999068264,113.26489000008408
1691,-33.32284999946765,117.7165600014971
1692,-32.39809999917412,116.07126000097486
1693,-31.037639998742293,113.84219000026732
1694,-33.15825999941541,113.28549000009062
1695,-33.058039999383595,114.21370000038524
1696,-32.23224999912148,116.3004300010476
1697,-31.834499998995227,117.97027000157763
1698,-30.538769998583945,115.57092000081605
1699,-30.140179998457427,117.87773000154826
1700,-33.38645999948784,114.72183000054653
1701,-32.56055999922569,117.44858000141204
1702,-31.82206999899128,117.13255000131173
1703,-32.068449999069486,116.49538000110948
1704,-31.333909998836333,115.16454000068705
1705,-33.752559999604046,115.12386000067414
1706,-34.705319999906465,117.30153000136536
1707,-32.89651999933233,117.23336000134373
1708,-32.68797999926613,117.76061000151108
1709,-30.198209998475846,114.56196000049579
1710,-30.92326999870599,115.61671000083058
1711,-34.12003999972069,116.3524100010641
1712,-30.644659998617556,116.94139000125105
1713,-33.77280999961047,116.68051000116824
1714,-33.19642999942752,113.26477000008404
1715,-33.55190999954036,117.92725000156398
1716,-30.307239998510454,113.3711100001178
1717,-30.207559998478814,116.49116000110814
1718,-32.85921999932049,116.96021000125702
1719,-32.93687999934514,115.1259300006748
1720,-31.848709998999738,116.09136000098124
1721,-32.20765999911367,114.29280000041035
1722,-32.93490999934451,117.08762000129747
1723,-34.26766999976755,117.51444000143294
1724,-31.05873999874899,117.63688000147181
1725,-34.43722999982137,113.56212000017842
1726,-34.17069999973677,113.46396000014727
1727,-31.835289998995478,116.75178000119087
1728,-34.30191999977842,117.457890001415
1729,-33.912599999654844,115.91959000092672
1730,-32.27239999913422,115.06028000065396
1731,-30.808299998669497,115.46072000078107
1732,-31.02615999873865,114.98570000063029
1733,-31.718119998958286,113.71658000022745
1734,-32.88341999932817,113.43482000013802
1735,-33.73889999959971,115.12060000067311
1736,-34.157169999732474,116.18882000101217
1737,-31.474579998880984,117.28861000136126
1738,-34.427669999818335,115.88969000091723
1739,-32.50636999920849,115.0777500006595
1740,-32.09161999907684,113.4747700001507
1741,-32.19760999911048,117.11284000130547
1742,-33.866099999640085,114.05625000033527
1743,-30.19626999847523,113.13991000004441
1744,-32.491269999203695,114.08820000034541
1745,-34.99882999999963,115.55356000081053
1746,-34.106479999716385,117.93228000156557
1747,-31.955129999033517,115.89378000091853
1748,-30.82358999867435,114.83911000058376
1749,-34.473639999832926,116.55145000112728
1750,-32.82410999930934,116.84738000122121
1751,-31.553209998905942,113.21976000006975
1752,-34.09511999971278,117.64293000147373
1753,-30.350429998524163,116.37424000107103
1754,-34.084839999709516,116.62258000114986
1755,-33.43496999950324,117.08989000129819
1756,-31.511669998892756,115.55834000081205
1757,-33.30330999946145,117.01167000127336
1758,-34.615719999878024,117.4843600014234
1759,-34.017829999688246,114.92434000061081
1760,-33.56696999954514,117.03363000128033
1761,-31.431899998867436,113.20507000006509
1762,-30.19166999847377,113.98088000031134
1763,-34.013449999686856,116.78233000120056
1764,-34.627409999881735,117.6806400014857
1765,-33.24429999944272,113.9747700003094
1766,-30.474239998563462,116.07575000097629
1767,-33.670109999577875,115.21490000070304
1768,-33.2603199994478,117.71995000149818
1769,-34.80870999993928,117.51066000143175
1770,-33.97858999967579,114.42599000045263
1771,-32.58679999923402,113.80522000025559
1772,-34.86965999995863,116.94636000125263
1773,-33.456859999510186,116.53474000112197
1774,-34.79612999993529,113.18572000005895
1775,-31.591349998918048,116.58233000113708
1776,-30.16595999846561,115.97450000094415
1777,-34.68166999989896,115.5021200007942
1778,-30.322609998515333,114.3685700004344
1779,-30.353709998525204,114.01707000032283
1780,-34.14006999972705,115.59655000082418
1781,-34.62108999987973,116.36200000106714
1782,-34.382459999803984,114.94058000061597
1783,-30.678929998628433,116.65829000116119
1784,-30.617129998608817,116.16355000100415
1785,-33.152299999413515,114.70418000054093
1786,-33.489779999520636,116.77548000119839
1787,-31.558439998907602,114.44488000045862
1788,-32.59562999923682,115.0994700006664
1789,-34.82016999994292,115.26894000072019
1790,-31.15850999878066,114.23003000039043
1791,-30.53550999858291,114.35733000043084
1792,-33.0485999993806,113.16772000005324
1793,-31.804499998985705,114.12173000035605
1794,-32.41418999917923,114.18747000037692
1795,-30.765729998655985,117.55325000144526
1796,-31.313439998829836,116.05569000096992
1797,-30.372339998531118,116.01128000095582
1798,-34.4924599998389,117.29937000136468
1799,-34.71106999990829,117.58357000145489
1800,-34.04829999969792,115.37868000075503
1801,-31.1413099987752,113.3430900001089
1802,-32.151489999095844,113.85705000027204
1803,-31.533499998899686,113.78994000025074
1804,-32.43347999918535,114.08231000034354
1805,-34.32787999978666,116.17548000100794
1806,-33.775019999611175,116.13405000099479
1807,-33.84272999963267,115.66617000084628
1808,-34.81613999994164,117.4783900014215
1809,-31.46999999887953,113.9873500003134
1810,-31.72656999896097,113.68089000021612
1811,-32.561209999225895,117.9433800015691
1812,-30.642349998616822,114.2784600004058
1813,-31.416719998862618,117.42774000140543
1814,-34.38731999980553,113.43046000013663
1815,-33.57835999954875,113.88097000027963
1816,-30.594819998601736,115.68926000085361
1817,-33.00052999936534,115.84567000090325
1818,-31.53839999890124,114.27490000040467
1819,-31.81364999898861,117.52253000143551
1820,-30.001899998413535,114.05450000033471
1821,-30.871859998689672,115.73608000086847
1822,-33.50411999952519,117.27212000135603
1823,-32.16348999909965,114.76579000056049
1824,-31.702339998953278,116.84602000122078
1825,-33.94947999966655,113.63886000020278
1826,-33.41232999949605,114.94460000061724
1827,-34.04684999969746,115.99944000095206
1828,-31.434099998868135,115.6564800008432
1829,-31.787239998980226,117.30118000136525
1830,-32.74918999928556,117.91815000156109
1831,-33.27064999945108,113.30457000009667
1832,-34.37409999980133,117.37087000138737
1833,-32.63440999924913,116.55739000112916
1834,-33.505659999525676,116.82640000121455
1835,-32.16757999910095,115.09644000066544
1836,-31.025489998738436,114.3427400004262
1837,-31.845119998998598,113.92250000029281
1838,-32.11468999908416,113.90062000028587
1839,-30.899809998698544,115.20859000070104
1840,-31.34816999884086,113.86672000027511
1841,-32.72579999927814,115.99593000095095
1842,-30.574879998595407,113.8994400002855
1843,-34.67125999989565,113.64661000020524
1844,-32.765739999290815,115.753510000874
1845,-34.94939999998394,113.83373000026464
1846,-31.32863999883466,115.48767000078962
1847,-33.01998999937152,114.40537000044608
1848,-33.66971999957775,115.32154000073689
1849,-34.884049999963196,114.73806000055168
1850,-30.3946499985382,115.8470900009037
1851,-33.79033999961604,116.9998400012696
1852,-34.89378999996629,116.66826000116436
1853,-30.91044999870192,116.23070000102547
1854,-30.752629998651827,117.20799000133567
1855,-33.57223999954681,113.45571000014465
1856,-31.689329998949148,113.37154000011793
1857,-30.988049998726552,114.06949000033947
1858,-34.00459999968405,115.52648000080194
1859,-33.70424999958871,114.99954000063468
1860,-34.98625999999564,115.8445700009029
1861,-32.55962999922539,116.66853000116444
1862,-34.09880999971395,115.53417000080438
1863,-34.93928999998073,114.98639000063051
1864,-31.6469599989357,114.71634000054479
1865,-34.743159999918475,116.1482400009993
1866,-33.28892999945688,115.80251000088955
1867,-34.52357999984878,115.99967000095214
1868,-32.8274299993104,113.14102000004476
1869,-31.937509999027924,116.37101000107
1870,-33.647209999570606,116.6453900011571
1871,-31.482049998883355,114.90276000060396
1872,-34.142899999727945,114.2586200003995
1873,-31.88097999900998,116.62874000115181
1874,-32.95843999935198,113.96084000030498
1875,-34.31701999978321,116.53341000112155
1876,-31.20548999879557,115.85177000090519
1877,-33.27205999945153,113.47273000015005
1878,-30.831139998676747,113.30931000009818
1879,-34.96610999998924,115.40974000076488
1880,-33.35988999947941,114.54503000049041
1881,-30.445739998554416,113.16096000005109
1882,-34.511059999844804,114.60366000050902
1883,-33.34651999947516,116.82198000121315
1884,-30.795439998665415,113.22543000007155
1885,-32.48911999920301,117.2080700013357
1886,-31.310359998828858,115.62303000083259
1887,-31.604359998922178,116.80374000120736
1888,-32.97636999935767,117.18471000132828
1889,-34.49575999983995,117.07550000129362
1890,-32.20295999911218,113.4139500001314
1891,-31.119529998768286,113.91023000028892
1892,-33.60524999955729,114.32639000042101
1893,-31.53836999890123,114.71248000054356
1894,-30.098209998444105,113.41640000013217
1895,-33.291869999457816,117.58982000145687
1896,-34.37632999980204,115.78618000088437
1897,-34.46938999983158,114.73034000054923
1898,-32.104239999080846,116.0726400009753
1899,-32.8951799993319,115.87697000091319
1900,-34.371559999800525,116.94487000125216
1901,-32.714799999274646,115.36722000075139
1902,-33.58473999955078,116.86978000122832
1903,-31.684819998947717,115.72132000086378
1904,-30.8565099986848,115.64004000083798
1905,-32.35276999915973,117.90538000155703
1906,-34.808559999939234,115.95463000093784
1907,-34.436209999821045,113.03010000000955
1908,-32.9893799993618,115.82614000089706
1909,-31.47198999888016,114.32989000042213
1910,-33.294889999458775,114.51741000048165
1911,-30.421929998546858,116.64378000115659
1912,-32.325999999151236,114.47659000046869
1913,-34.2268799997546,117.41439000140119
1914,-33.957119999668976,115.14368000068043
1915,-30.929369998707926,113.46742000014837
1916,-32.7341899992808,114.9416500006163
1917,-32.48642999920216,114.2245700003887
1918,-31.12250999876923,115.78033000088251
1919,-33.978159999675654,114.3874700004404
1920,-31.067829998751876,115.1908300006954
1921,-32.24863999912668,114.3288600004218
1922,-30.63707999861515,115.86592000090968
1923,-31.9872099990437,117.30288000136579
1924,-33.791059999616266,114.89800000060245
1925,-30.185879998471933,114.92887000061225
1926,-32.523149999213814,114.2702500004032
1927,-30.81410999867134,117.17930000132657
1928,-31.796129998983048,114.22701000038947
1929,-31.77155999897525,114.30645000041469
1930,-33.21566999943363,115.56091000081287
1931,-32.705529999271704,113.46611000014795
1932,-31.05555999874798,114.21383000038529
1933,-32.09218999907702,116.57542000113489
1934,-32.86783999932322,115.98533000094758
1935,-33.2650499994493,116.85306000122301
1936,-34.47037999983189,113.89669000028462
1937,-34.038179999694705,116.28936000104409
1938,-31.581099998914794,113.92286000029293
1939,-33.40724999949444,114.0393200003299
1940,-32.539089999218874,115.72626000086535
1941,-32.54695999922137,115.11875000067252
1942,-34.35639999979571,115.23112000070819
1943,-34.06487999970318,117.2833500013596
1944,-30.00017999841299,114.8259900005796
1945,-34.94502999998255,117.58913000145665
1946,-30.806029998668777,113.80235000025468
1947,-33.59009999955248,116.48413000110591
1948,-33.23066999943839,115.20929000070126
1949,-34.46356999982973,114.52581000048431
1950,-34.148319999729665,115.80463000089023
1951,-31.31200999882938,115.6555300008429
1952,-33.62541999956369,113.82061000026047
1953,-30.852359998683482,113.80469000025542
1954,-34.7602599999239,117.60532000146179
1955,-34.7596199999237,114.66040000052703
1956,-34.71597999990985,115.94235000093394
1957,-34.77744999992936,113.77293000024534
1958,-32.405449999176454,116.4211000010859
1959,-31.715869998957572,113.9753800003096
1960,-33.99897999968226,115.74100000087003
1961,-30.63950999861592,117.73165000150189
1962,-33.777759999612044,117.29069000136192
1963,-30.37927999853332,114.40989000044752
1964,-33.97864999967581,115.29534000072857
1965,-30.377279998532686,114.09586000034784
1966,-31.892839999013745,114.89245000060069
1967,-31.440649998870214,116.10518000098563
1968,-34.06765999970406,117.7612900015113
1969,-31.845049998998576,115.13734000067842
1970,-30.39108999853707,115.41128000076537
1971,-32.94465999934761,115.89540000091904
1972,-32.772319999292904,115.30969000073313
1973,-34.66964999989514,116.11776000098962
1974,-31.827979998993158,114.54582000049066
1975,-30.615009998608144,113.94145000029883
1976,-34.26005999976513,116.08797000098016
1977,-31.664459998941254,113.93931000029815
1978,-34.10107999971467,113.81239000025786
1979,-33.90164999965137,115.32823000073901
1980,-30.481909998565897,117.78205000151789
1981,-34.98714999999592,117.93293000156578
1982,-33.916289999656016,114.66579000052874
1983,-33.65256999957231,116.80176000120673
1984,-34.08695999971019,114.95860000062169
1985,-34.06845999970432,117.59861000145966
1986,-33.92509999965881,117.11722000130686
1987,-33.75250999960403,116.82575000121435
1988,-33.296689999459346,115.85387000090586
1989,-31.086129998757684,113.91548000029059
1990,-33.62564999956376,116.28854000104383
1991,-31.099369998761887,113.66430000021086
1992,-34.27021999976836,113.89414000028381
1993,-31.073029998753526,117.96472000157587
1994,-33.85016999963503,115.11325000067077
1995,-32.93430999934432,114.34656000042742
1996,-32.37221999916591,115.5963000008241
1997,-31.67587999894488,115.9475900009356
1998,-32.87326999932495,115.61056000082863
1999,-33.48609999951947,115.56439000081397
