,id,decimalLongitude,decimalLatitude,key,aet_mean,pet_mean,ppt_mean,srad_mean,tmax_mean,tmin_mean,vap_mean
0,2662,153.338024208519,-28.058303319095,0,88.86667,123.51667,102.55,210.78334,26.1,15.043335,1.705
1,2663,153.466,-28.3211,1,95.916664,121.8,119.2,210.65,25.75667,15.166669,1.7139999
2,2664,153.494,-28.1568,2,92.85,125.71667,109.11667,211.93333,25.958334,15.448335,1.7458333
3,2665,153.494,-28.1567,3,92.85,125.71667,109.11667,211.93333,25.958334,15.448335,1.7458333
4,2666,153.319483883822,-28.1234748708346,4,88.5,120.7,102.4,210.68333,25.588335,14.423334,1.6554999
5,2667,153.338026906101,-28.0581953781605,5,88.86667,123.51667,102.55,210.78334,26.1,15.043335,1.705
6,2668,153.401993314815,-28.0717177851992,6,87.88333,126.8,100.21667,212.5,26.160002,15.306668,1.7283334
7,2669,153.584,-28.8103,7,94.35,122.333336,122.0,211.85,25.18667,15.6466675,1.7348332
8,2670,153.381325313964,-28.0006773909815,8,86.833336,128.58333,97.86667,213.53334,26.2,15.446668,1.734
9,2671,153.338079351137,-28.0587137886269,9,88.86667,123.51667,102.55,210.78334,26.1,15.043335,1.705
10,2672,153.484885610314,-28.5868035940334,10,95.083336,119.933334,120.73333,210.71666,25.161669,15.01,1.6943334
11,2673,153.338566443138,-28.0579089502525,11,88.86667,123.51667,102.55,210.78334,26.1,15.043335,1.705
12,2674,153.484864310915,-28.5869067787613,12,95.083336,119.933334,120.73333,210.71666,25.161669,15.01,1.6943334
13,2675,153.325,-28.1505,13,90.98333,118.86667,107.4,210.3,25.183336,14.181667,1.6296666
14,2676,153.338041133608,-28.0582713077899,14,88.86667,123.51667,102.55,210.78334,26.1,15.043335,1.705
15,2677,153.338042161116,-28.058267433158,15,88.86667,123.51667,102.55,210.78334,26.1,15.043335,1.705
16,2678,153.288110057264,-28.6687881354358,16,83.75,119.65,95.03333,209.86667,25.811666,14.303334,1.6193334
17,2679,153.538982519569,-28.7823988632418,17,93.78333,120.05,121.333336,210.15,25.006664,15.335001,1.6988331
18,2680,153.338086251358,-28.05825954574,18,88.86667,123.51667,102.55,210.78334,26.1,15.043335,1.705
19,2681,153.338047842809,-28.0582346426953,19,88.86667,123.51667,102.55,210.78334,26.1,15.043335,1.705
20,2682,153.338041736846,-28.0582972415771,20,88.86667,123.51667,102.55,210.78334,26.1,15.043335,1.705
21,2683,153.338047318836,-28.0582254341037,21,88.86667,123.51667,102.55,210.78334,26.1,15.043335,1.705
22,2684,153.338046433447,-28.0587339527763,22,88.86667,123.51667,102.55,210.78334,26.1,15.043335,1.705
23,2685,153.338066230736,-28.0582700803304,23,88.86667,123.51667,102.55,210.78334,26.1,15.043335,1.705
24,2686,153.411245457066,-28.8258365502627,24,88.86667,119.183334,108.316666,209.66667,25.02667,14.706669,1.6459999
25,2687,153.45,-28.7966,25,90.95,118.95,115.35,209.41667,24.993336,14.908336,1.6655
26,2688,153.45,-28.7967,26,90.95,118.95,115.35,209.41667,24.993336,14.908336,1.6655
27,2689,153.378,-28.077,27,87.88333,126.8,100.21667,212.5,26.160002,15.306668,1.7283334
28,2690,153.28577181087,-28.6690648863499,28,83.75,119.65,95.03333,209.86667,25.811666,14.303334,1.6193334
29,2691,153.085,-28.7056,29,81.666664,116.566666,91.083336,208.65,25.110003,13.351668,1.5155
30,2692,153.425,-28.6162,30,94.23333,117.13333,121.96667,209.43333,24.65,14.548335,1.6436666
31,2693,153.410822665022,-28.8255829409661,31,88.86667,119.183334,108.316666,209.66667,25.02667,14.706669,1.6459999
32,2694,153.410802588913,-28.8255686864024,32,88.86667,119.183334,108.316666,209.66667,25.02667,14.706669,1.6459999
33,2695,153.460880722993,-28.6368402047349,33,94.3,118.96667,121.5,210.26666,24.988337,14.993334,1.6811668
34,2696,153.338023352655,-28.058243881945,34,88.86667,123.51667,102.55,210.78334,26.1,15.043335,1.705
35,2697,153.467733347931,-28.5373495286596,35,95.933334,120.85,120.5,210.65,25.340002,15.066668,1.7045
36,2698,153.161907896369,-28.0253758309513,36,77.083336,119.03333,85.78333,210.2,25.443335,13.743335,1.5706668
37,2699,153.338046003202,-28.0582822109821,37,88.86667,123.51667,102.55,210.78334,26.1,15.043335,1.705
38,2700,153.338304688372,-28.0586812313531,38,88.86667,123.51667,102.55,210.78334,26.1,15.043335,1.705
39,2701,153.338045707677,-28.058266695557,39,88.86667,123.51667,102.55,210.78334,26.1,15.043335,1.705
40,2702,153.383696805829,-28.6773258447914,40,90.48333,119.76667,110.21667,210.01666,25.381666,14.748335,1.6563334
41,2703,153.462981688389,-28.4132862977466,41,96.816666,119.933334,123.51667,210.28334,25.208338,14.865001,1.6863332
42,2704,153.338046745288,-28.0582484413993,42,88.86667,123.51667,102.55,210.78334,26.1,15.043335,1.705
43,2705,152.663017921292,-28.4355547512215,43,70.416664,116.916664,76.13333,208.35,24.473337,11.8583355,1.3568333
44,2706,153.337997278371,-28.0582526474011,44,88.86667,123.51667,102.55,210.78334,26.1,15.043335,1.705
45,2707,153.40855350621,-28.827643085304,45,88.86667,119.183334,108.316666,209.66667,25.02667,14.706669,1.6459999
46,2708,153.408428491341,-28.8275025317021,46,88.86667,119.183334,108.316666,209.66667,25.02667,14.706669,1.6459999
47,2709,153.343752259531,-28.3983554039415,47,94.13333,118.416664,117.35,209.8,25.290003,14.295,1.6293334
48,2710,153.154082112157,-28.0825299863034,48,81.71667,116.933334,93.36667,209.5,24.786665,13.515,1.5376667
49,2711,153.338021047923,-28.0582774452464,49,88.86667,123.51667,102.55,210.78334,26.1,15.043335,1.705
50,2712,153.385,-28.2161,50,96.76667,117.86667,125.916664,209.48334,24.965,14.398334,1.6458333
51,2713,153.002,-28.4319,51,81.73333,118.7,89.75,208.9,25.198336,12.923334,1.4981666
52,2714,153.338084845543,-28.0582529475924,52,88.86667,123.51667,102.55,210.78334,26.1,15.043335,1.705
53,2715,153.384007355341,-28.6767145525931,53,90.48333,119.76667,110.21667,210.01666,25.381666,14.748335,1.6563334
54,2716,153.293,-28.3261,54,91.51667,121.95,109.65,210.6,25.961668,14.351668,1.648
55,2717,153.434,-28.1746,55,93.76667,121.916664,113.51667,210.96666,25.676668,14.946669,1.7089999
56,2718,153.338069835094,-28.0582463806138,56,88.86667,123.51667,102.55,210.78334,26.1,15.043335,1.705
57,2719,153.306381711879,-28.5768539831308,57,93.76667,114.95,119.55,206.3,23.573334,13.446669,1.5291668
58,2720,153.287499447856,-28.7866157587585,58,81.183334,119.48333,91.11667,209.68333,25.825,14.366669,1.6259999
59,2721,153.417,-28.5755,59,94.0,113.71667,125.46667,207.66667,24.058332,14.0216675,1.5935001
60,2722,153.406244544455,-28.5336732678381,60,94.48333,113.0,127.1,207.21666,23.810003,13.895001,1.5776666
61,2723,153.170873244752,-28.5474387506024,61,86.21667,120.73333,97.5,209.51666,25.473335,13.726668,1.5683333
62,2724,153.58,-28.6306,62,94.78333,121.85,120.13333,211.75,25.174997,15.601668,1.7296666
63,2725,153.330364346536,-28.5303730901219,63,92.61667,116.73333,115.8,208.81667,24.738333,13.866669,1.5883332
64,2726,153.364203436735,-28.3413645467661,64,92.566666,122.25,111.23333,210.8,25.96,14.573335,1.6581665
65,2727,153.300797482182,-28.4476230451262,65,91.55,118.36667,111.9,210.15,25.376667,14.083334,1.6183333
66,2728,153.309199574842,-28.4422558766777,66,91.55,118.36667,111.9,210.15,25.376667,14.083334,1.6183333
67,2729,153.338057883378,-28.0582534188108,67,88.86667,123.51667,102.55,210.78334,26.1,15.043335,1.705
68,2730,153.298,-28.0343,68,86.48333,122.333336,99.433334,210.66667,25.968332,14.796667,1.6801666
69,2731,153.338087237566,-28.0582468772671,69,88.86667,123.51667,102.55,210.78334,26.1,15.043335,1.705
70,2732,153.338048077595,-28.0582657401412,70,88.86667,123.51667,102.55,210.78334,26.1,15.043335,1.705
71,2733,153.33804565452,-28.0582565067532,71,88.86667,123.51667,102.55,210.78334,26.1,15.043335,1.705
72,2734,153.338113170994,-28.0582596194773,72,88.86667,123.51667,102.55,210.78334,26.1,15.043335,1.705
73,2735,153.338086705868,-28.058230455134,73,88.86667,123.51667,102.55,210.78334,26.1,15.043335,1.705
74,2736,153.338061218389,-28.058248065686,74,88.86667,123.51667,102.55,210.78334,26.1,15.043335,1.705
75,2737,153.560004519308,-28.2363776697923,75,95.083336,126.6,113.51667,213.23334,25.893333,15.793334,1.7598332
76,2738,153.338060993272,-28.0582304867821,76,88.86667,123.51667,102.55,210.78334,26.1,15.043335,1.705
77,2739,153.271,-28.1902,77,93.45,112.25,120.566666,207.98334,23.315,13.251667,1.5136665
78,2740,152.758615706258,-28.7454705080285,78,72.11667,117.48333,77.26667,208.56667,25.225002,12.685001,1.4205
79,2741,153.338074185294,-28.0582506569675,79,88.86667,123.51667,102.55,210.78334,26.1,15.043335,1.705
80,2742,153.337994115357,-28.0582123662713,80,88.86667,123.51667,102.55,210.78334,26.1,15.043335,1.705
81,2743,153.338652002357,-28.0579216591914,81,88.86667,123.51667,102.55,210.78334,26.1,15.043335,1.705
82,2744,153.164,-28.0649,82,81.71667,116.933334,93.36667,209.5,24.786665,13.515,1.5376667
83,2745,153.338084034083,-28.0582574671025,83,88.86667,123.51667,102.55,210.78334,26.1,15.043335,1.705
84,2746,153.338131190776,-28.0586900522588,84,88.86667,123.51667,102.55,210.78334,26.1,15.043335,1.705
85,2747,153.338100872404,-28.0582475958324,85,88.86667,123.51667,102.55,210.78334,26.1,15.043335,1.705
86,2748,153.484684973384,-28.5867651057527,86,95.083336,119.933334,120.73333,210.71666,25.161669,15.01,1.6943334
87,2749,153.338073981115,-28.0582513178304,87,88.86667,123.51667,102.55,210.78334,26.1,15.043335,1.705
88,2750,153.337973610464,-28.058233237903,88,88.86667,123.51667,102.55,210.78334,26.1,15.043335,1.705
89,2751,153.338137993031,-28.0582562670665,89,88.86667,123.51667,102.55,210.78334,26.1,15.043335,1.705
90,2752,153.559962508487,-28.2364495243813,90,95.083336,126.6,113.51667,213.23334,25.893333,15.793334,1.7598332
91,2753,153.338026221016,-28.0583723687938,91,88.86667,123.51667,102.55,210.78334,26.1,15.043335,1.705
92,2754,153.364254234321,-28.3411702783961,92,92.566666,122.25,111.23333,210.8,25.96,14.573335,1.6581665
93,2755,153.338125471394,-28.0582117572962,93,88.86667,123.51667,102.55,210.78334,26.1,15.043335,1.705
94,2756,153.338080211403,-28.0582784317722,94,88.86667,123.51667,102.55,210.78334,26.1,15.043335,1.705
95,2757,153.337988206526,-28.0587025472828,95,88.86667,123.51667,102.55,210.78334,26.1,15.043335,1.705
96,2758,153.33802196228,-28.0582679862162,96,88.86667,123.51667,102.55,210.78334,26.1,15.043335,1.705
97,2759,153.338154474708,-28.058665333367,97,88.86667,123.51667,102.55,210.78334,26.1,15.043335,1.705
98,2760,153.338055647346,-28.0582806902925,98,88.86667,123.51667,102.55,210.78334,26.1,15.043335,1.705
99,2761,153.338096715448,-28.0582462715841,99,88.86667,123.51667,102.55,210.78334,26.1,15.043335,1.705
100,2762,153.338048244512,-28.0586510382444,100,88.86667,123.51667,102.55,210.78334,26.1,15.043335,1.705
101,2763,153.338053528408,-28.0583991832757,101,88.86667,123.51667,102.55,210.78334,26.1,15.043335,1.705
102,2764,153.325,-28.1504,102,90.98333,118.86667,107.4,210.3,25.183336,14.181667,1.6296666
103,2765,153.58,-28.6305,103,94.78333,121.85,120.13333,211.75,25.174997,15.601668,1.7296666
104,2766,153.58,-28.6309,104,94.78333,121.85,120.13333,211.75,25.174997,15.601668,1.7296666
105,2767,153.338135564461,-28.0582929503176,105,88.86667,123.51667,102.55,210.78334,26.1,15.043335,1.705
106,2768,153.259799871736,-28.8056694204256,106,78.6,120.683334,87.01667,209.96666,26.043335,14.533335,1.6431667
107,2769,153.338033193917,-28.058245979135,107,88.86667,123.51667,102.55,210.78334,26.1,15.043335,1.705
108,2770,153.527,-28.199,108,93.583336,125.78333,110.833336,212.6,25.880001,15.620001,1.7543334
109,2771,153.525,-28.1971,109,93.583336,125.78333,110.833336,212.6,25.880001,15.620001,1.7543334
110,2772,153.338039060276,-28.0582555977206,110,88.86667,123.51667,102.55,210.78334,26.1,15.043335,1.705
111,2773,153.062,-28.5399,111,81.95,119.5,89.5,209.26666,25.70667,13.351666,1.5324998
112,2774,153.529,-28.1994,112,93.583336,125.78333,110.833336,212.6,25.880001,15.620001,1.7543334
113,2775,153.373,-28.2044,113,93.2,119.166664,113.63333,210.31667,25.27167,14.350002,1.6473331
114,2776,153.54766316564,-28.8471267934958,114,94.75,123.71667,122.5,212.18333,25.248333,15.728334,1.7393333
115,2777,153.545680258517,-28.8460354155266,115,94.75,123.71667,122.5,212.18333,25.248333,15.728334,1.7393333
116,2778,153.411647603059,-28.5508137150002,116,94.0,113.71667,125.46667,207.66667,24.058332,14.0216675,1.5935001
117,2779,153.432677885258,-28.520417580338,117,95.13333,118.53333,120.583336,210.01666,25.21,14.730001,1.6756665
118,2780,153.301,-28.8318,118,82.916664,119.8,94.85,209.68333,25.648336,14.566668,1.6399999
119,2781,153.338063018716,-28.0582408302329,119,88.86667,123.51667,102.55,210.78334,26.1,15.043335,1.705
120,2782,152.755,-28.843,120,66.38333,117.71667,69.566666,209.38333,26.100004,13.035001,1.4666668
121,2783,153.343723071886,-28.3983878996676,121,94.13333,118.416664,117.35,209.8,25.290003,14.295,1.6293334
122,2784,153.34,-28.645,122,91.25,117.53333,112.7,208.61667,24.909998,14.266668,1.6135
123,2785,153.338015406225,-28.0586682363193,123,88.86667,123.51667,102.55,210.78334,26.1,15.043335,1.705
124,2786,153.337985023535,-28.0582477309954,124,88.86667,123.51667,102.55,210.78334,26.1,15.043335,1.705
125,2787,153.338278385914,-28.0587331498319,125,88.86667,123.51667,102.55,210.78334,26.1,15.043335,1.705
126,2788,153.338062124817,-28.0583011730389,126,88.86667,123.51667,102.55,210.78334,26.1,15.043335,1.705
127,2789,153.338103153611,-28.0582430470177,127,88.86667,123.51667,102.55,210.78334,26.1,15.043335,1.705
128,2790,153.097585563272,-28.6000564414762,128,80.63333,119.3,88.183334,209.6,25.905,13.578336,1.5553334
129,2791,153.341,-28.6492,129,91.25,117.53333,112.7,208.61667,24.909998,14.266668,1.6135
130,2792,153.342,-28.6496,130,91.25,117.53333,112.7,208.61667,24.909998,14.266668,1.6135
131,2793,153.412184169679,-28.8234270376577,131,88.86667,119.183334,108.316666,209.66667,25.02667,14.706669,1.6459999
132,2794,153.338125809481,-28.0582446136437,132,88.86667,123.51667,102.55,210.78334,26.1,15.043335,1.705
133,2795,153.412,-28.5505,133,94.0,113.71667,125.46667,207.66667,24.058332,14.0216675,1.5935001
134,2796,153.471031962106,-28.942220932831,134,90.71667,122.73333,114.816666,211.25,25.306667,15.393335,1.718
135,2797,153.338041524457,-28.0587131894734,135,88.86667,123.51667,102.55,210.78334,26.1,15.043335,1.705
136,2798,153.468745798015,-28.9277317654611,136,90.71667,122.73333,114.816666,211.25,25.306667,15.393335,1.718
137,2799,153.468744876006,-28.9277408179165,137,90.71667,122.73333,114.816666,211.25,25.306667,15.393335,1.718
138,2800,153.410399920472,-28.8241849493911,138,88.86667,119.183334,108.316666,209.66667,25.02667,14.706669,1.6459999
139,2801,153.453492242986,-28.9291077386857,139,89.61667,120.48333,112.35,210.31667,25.228334,15.116668,1.6968334
140,2802,153.337981190705,-28.0587173887886,140,88.86667,123.51667,102.55,210.78334,26.1,15.043335,1.705
141,2803,153.58,-28.6306,141,94.78333,121.85,120.13333,211.75,25.174997,15.601668,1.7296666
142,2804,153.561,-28.3909,142,95.316666,125.98333,115.15,213.38333,25.706667,15.636668,1.7535
143,2805,153.414,-28.5778,143,94.0,113.71667,125.46667,207.66667,24.058332,14.0216675,1.5935001
144,2806,153.369,-28.7595,144,85.316666,120.85,98.8,210.36667,25.775002,14.793334,1.6638334
145,2807,153.452213453368,-28.7520189831124,145,90.45,120.1,112.183334,210.08333,25.288336,15.003335,1.6761665
146,2808,153.452098207025,-28.7520640765874,146,90.45,120.1,112.183334,210.08333,25.288336,15.003335,1.6761665
147,2809,153.485648931195,-28.7249189910274,147,92.63333,119.71667,117.73333,210.15,25.133337,15.123335,1.685
148,2810,153.338303001111,-28.0587095859445,148,88.86667,123.51667,102.55,210.78334,26.1,15.043335,1.705
149,2811,153.338061333677,-28.0584319053326,149,88.86667,123.51667,102.55,210.78334,26.1,15.043335,1.705
150,2812,153.338382279177,-28.0586724318106,150,88.86667,123.51667,102.55,210.78334,26.1,15.043335,1.705
151,2813,153.075928946555,-28.5610891777435,151,83.666664,117.61667,92.7,208.26666,25.261667,13.236669,1.5048333
152,2814,153.574944935274,-28.6281117001401,152,94.78333,121.85,120.13333,211.75,25.174997,15.601668,1.7296666
153,2815,153.338368166993,-28.058283079514,153,88.86667,123.51667,102.55,210.78334,26.1,15.043335,1.705
154,2816,153.338084539146,-28.058269894388,154,88.86667,123.51667,102.55,210.78334,26.1,15.043335,1.705
155,2817,153.338103922766,-28.0582789250603,155,88.86667,123.51667,102.55,210.78334,26.1,15.043335,1.705
156,2818,153.575106746909,-28.6281718415699,156,94.78333,121.85,120.13333,211.75,25.174997,15.601668,1.7296666
157,2819,152.878119433441,-28.2955605397264,157,74.333336,117.03333,79.63333,209.45,24.725002,12.496668,1.4271668
158,2820,153.337938877977,-28.0586857055347,158,88.86667,123.51667,102.55,210.78334,26.1,15.043335,1.705
159,2821,153.147,-28.6506,159,82.71667,117.8,92.75,209.13333,25.461666,13.593334,1.5476665
160,2822,153.522,-28.7289,160,94.53333,119.816666,123.1,209.9,24.876669,15.241669,1.6881667
161,2823,153.338107589023,-28.0583409416228,161,88.86667,123.51667,102.55,210.78334,26.1,15.043335,1.705
162,2824,153.58263222515,-28.865209892419,162,94.75,123.71667,122.5,212.18333,25.248333,15.728334,1.7393333
163,2825,153.171058553525,-28.5475532341402,163,86.21667,120.73333,97.5,209.51666,25.473335,13.726668,1.5683333
164,2826,153.193234400966,-28.6622387962683,164,84.55,118.566666,96.333336,209.06667,25.306671,13.698334,1.558
165,2827,153.337742465291,-28.8211920429258,165,86.5,119.55,102.083336,209.6,25.25,14.596668,1.6366667
166,2828,153.407686902353,-28.5241770744589,166,94.48333,113.0,127.1,207.21666,23.810003,13.895001,1.5776666
167,2829,153.337724185531,-28.8212090010865,167,86.5,119.55,102.083336,209.6,25.25,14.596668,1.6366667
168,2830,152.994575534767,-28.4728320291654,168,78.3,120.76667,83.583336,209.75,26.093332,13.320002,1.5148335
169,2831,153.58,-28.6308,169,94.78333,121.85,120.13333,211.75,25.174997,15.601668,1.7296666
170,2832,153.58,-28.6307,170,94.78333,121.85,120.13333,211.75,25.174997,15.601668,1.7296666
171,2833,153.170833462081,-28.5476336701492,171,86.21667,120.73333,97.5,209.51666,25.473335,13.726668,1.5683333
172,2834,153.422,-28.5567,172,94.583336,117.583336,121.38333,209.56667,24.885002,14.623336,1.6588334
173,2835,153.406,-28.5907,173,93.73333,116.23333,121.316666,208.4,24.413334,14.223334,1.611
174,2836,153.267,-28.1876,174,93.45,112.25,120.566666,207.98334,23.315,13.251667,1.5136665
175,2837,153.415214521953,-28.7494326336577,175,88.683334,119.48333,106.98333,209.98334,25.42,14.821669,1.6561667
176,2838,153.061,-28.5397,176,81.95,119.5,89.5,209.26666,25.70667,13.351666,1.5324998
177,2839,153.085,-28.7059,177,81.666664,116.566666,91.083336,208.65,25.110003,13.351668,1.5155
178,2840,153.164,-28.0655,178,81.71667,116.933334,93.36667,209.5,24.786665,13.515,1.5376667
179,2841,153.164,-28.0656,179,81.71667,116.933334,93.36667,209.5,24.786665,13.515,1.5376667
180,2842,153.170852501734,-28.547648832832,180,86.21667,120.73333,97.5,209.51666,25.473335,13.726668,1.5683333
181,2843,153.6,-28.8484,181,94.75,123.71667,122.5,212.18333,25.248333,15.728334,1.7393333
182,2844,152.649124749147,-28.2407839643101,182,68.333336,115.4,73.51667,209.23334,24.088331,11.616669,1.3374999
183,2845,153.456841483855,-28.8151774741978,183,90.95,118.95,115.35,209.41667,24.993336,14.908336,1.6655
184,2846,153.062,-28.5398,184,81.95,119.5,89.5,209.26666,25.70667,13.351666,1.5324998
185,2847,153.505923467895,-28.4529776040142,185,95.38333,123.35,116.25,212.05,25.621668,15.385001,1.7363335
186,2848,153.354759374776,-28.4623308666316,186,94.3,116.96667,120.1,209.28334,24.725004,14.083337,1.6048331
187,2849,153.354822490507,-28.4619212430236,187,94.3,116.96667,120.1,209.28334,24.725004,14.083337,1.6048331
188,2850,153.354852330082,-28.4620038885888,188,94.3,116.96667,120.1,209.28334,24.725004,14.083337,1.6048331
189,2851,153.56940776124,-28.6598904384567,189,94.78333,121.85,120.13333,211.75,25.174997,15.601668,1.7296666
190,2852,152.656,-28.2445,190,68.333336,115.4,73.51667,209.23334,24.088331,11.616669,1.3374999
191,2853,153.085,-28.7057,191,81.666664,116.566666,91.083336,208.65,25.110003,13.351668,1.5155
192,2854,153.300757213706,-28.2931863747705,192,91.51667,121.95,109.65,210.6,25.961668,14.351668,1.648
193,2855,153.208451829993,-28.2187932869682,193,93.8,113.666664,122.11667,207.8,23.825003,13.131666,1.5154998
194,2856,153.56469344362,-28.6500209151103,194,94.78333,121.85,120.13333,211.75,25.174997,15.601668,1.7296666
195,2857,153.197,-28.7524,195,76.95,120.683334,83.61667,210.35,26.151667,14.100002,1.6074998
196,2858,153.460041443029,-28.6364114703877,196,94.3,118.96667,121.5,210.26666,24.988337,14.993334,1.6811668
197,2859,153.554253196487,-28.6711120605469,197,95.1,119.816666,124.01667,210.63333,24.888334,15.478335,1.7091666
198,2860,153.393,-28.1253,198,91.96667,121.88333,109.1,210.96666,25.570002,14.785001,1.6898333
199,2861,153.392,-28.1252,199,91.96667,121.88333,109.1,210.96666,25.570002,14.785001,1.6898333
200,2862,153.526,-28.1736,200,93.583336,125.78333,110.833336,212.6,25.880001,15.620001,1.7543334
201,2863,153.084,-28.7057,201,81.666664,116.566666,91.083336,208.65,25.110003,13.351668,1.5155
202,2864,153.337970576,-28.0586842822269,202,88.86667,123.51667,102.55,210.78334,26.1,15.043335,1.705
203,2865,153.355099847683,-28.0861738510691,203,89.666664,122.45,104.316666,210.9,25.795002,14.756669,1.6864998
204,2866,153.378,-28.5986,204,93.73333,116.23333,121.316666,208.4,24.413334,14.223334,1.611
205,2867,153.423,-28.5376,205,95.13333,118.53333,120.583336,210.01666,25.21,14.730001,1.6756665
206,2868,153.456854140529,-28.8149726623938,206,90.95,118.95,115.35,209.41667,24.993336,14.908336,1.6655
207,2869,153.446533167878,-28.2423557807023,207,95.78333,119.9,120.683334,209.98334,25.321669,14.761668,1.6878333
208,2870,153.344672173404,-28.1295756809675,208,92.05,119.95,109.78333,210.56667,25.330004,14.450002,1.6565
209,2871,153.336931569645,-28.1256605778151,209,92.05,119.95,109.78333,210.56667,25.330004,14.450002,1.6565
210,2872,153.33804861031,-28.0587286830613,210,88.86667,123.51667,102.55,210.78334,26.1,15.043335,1.705
211,2873,153.217536943611,-28.4913912125348,211,88.01667,118.73333,101.95,210.15,25.51167,13.811667,1.5911669
212,2874,153.46028636224,-28.3242260199304,212,95.916664,121.8,119.2,210.65,25.75667,15.166669,1.7139999
213,2875,153.338345764348,-28.769371002008,213,85.316666,120.85,98.8,210.36667,25.775002,14.793334,1.6638334
214,2876,153.338087785479,-28.0582484821022,214,88.86667,123.51667,102.55,210.78334,26.1,15.043335,1.705
215,2877,153.123,-28.5932,215,80.63333,119.3,88.183334,209.6,25.905,13.578336,1.5553334
216,2878,153.217773439966,-28.4913084555611,216,88.01667,118.73333,101.95,210.15,25.51167,13.811667,1.5911669
217,2879,153.406170951345,-28.5906788008554,217,93.73333,116.23333,121.316666,208.4,24.413334,14.223334,1.611
218,2880,153.338112482323,-28.0582862054052,218,88.86667,123.51667,102.55,210.78334,26.1,15.043335,1.705
219,2881,153.481,-28.8679,219,92.65,120.7,119.1,209.9,25.195004,15.251668,1.7023333
220,2882,153.58,-28.6307,220,94.78333,121.85,120.13333,211.75,25.174997,15.601668,1.7296666
221,2883,152.74,-28.1964,221,58.9,122.35,61.85,211.73334,25.848335,12.6466675,1.43
222,2884,153.045,-28.1913,222,76.76667,117.6,83.55,209.71666,25.063332,13.191669,1.5021667
223,2885,153.08,-28.6431,223,81.76667,116.816666,90.85,208.58333,25.068336,13.203336,1.4966666
224,2886,153.045739817863,-28.8787584500404,224,68.26667,123.183334,71.36667,210.78334,26.805002,14.013335,1.5865
225,2887,153.045655831778,-28.8791083758948,225,68.26667,123.183334,71.36667,210.78334,26.805002,14.013335,1.5865
226,2888,153.046353534007,-28.8788793096588,226,68.26667,123.183334,71.36667,210.78334,26.805002,14.013335,1.5865
227,2889,153.387,-28.3767,227,94.6,120.4,116.666664,210.28334,25.728336,14.660001,1.6691666
228,2890,153.482,-28.8684,228,92.65,120.7,119.1,209.9,25.195004,15.251668,1.7023333
229,2891,153.4,-28.1758,229,94.26667,119.73333,115.96667,210.43333,25.338339,14.580001,1.6706666
230,2892,153.04708384923,-28.8789401622758,230,68.26667,123.183334,71.36667,210.78334,26.805002,14.013335,1.5865
231,2893,153.371973959872,-28.5539935156969,231,94.2,112.333336,124.71667,206.05,23.188334,13.405001,1.5275
232,2894,153.390903489791,-28.0980887612615,232,90.9,123.683334,106.683334,210.83333,25.93167,15.091666,1.7115
233,2895,153.394615081674,-28.2875652872686,233,94.61667,120.933334,117.666664,210.21666,25.708336,14.695003,1.6804999
234,2896,153.337980732375,-28.0587128090437,234,88.86667,123.51667,102.55,210.78334,26.1,15.043335,1.705
235,2897,153.454217948162,-28.3435612265285,235,95.13333,121.88333,117.36667,210.55,25.873335,14.978335,1.6936667
236,2898,153.338014848135,-28.0582383687456,236,88.86667,123.51667,102.55,210.78334,26.1,15.043335,1.705
237,2899,153.415191806996,-28.7494180910557,237,88.683334,119.48333,106.98333,209.98334,25.42,14.821669,1.6561667
238,2900,153.336489513279,-28.812825694918,238,86.5,119.55,102.083336,209.6,25.25,14.596668,1.6366667
239,2901,152.792,-28.4669,239,76.48333,116.13333,83.13333,207.9,24.658335,12.286668,1.3993334
240,2902,153.442205423632,-28.2080196077267,240,93.76667,121.916664,113.51667,210.96666,25.676668,14.946669,1.7089999
241,2903,153.442229731151,-28.2076943060646,241,93.76667,121.916664,113.51667,210.96666,25.676668,14.946669,1.7089999
242,2904,153.442317322039,-28.2078846171761,242,93.76667,121.916664,113.51667,210.96666,25.676668,14.946669,1.7089999
243,2905,153.338049757349,-28.0587259648706,243,88.86667,123.51667,102.55,210.78334,26.1,15.043335,1.705
244,2906,153.075783910966,-28.5612592386972,244,83.666664,117.61667,92.7,208.26666,25.261667,13.236669,1.5048333
245,2907,153.562159816964,-28.3677839582699,245,95.183334,125.816666,114.65,213.7,25.63167,15.550002,1.7489998
246,2908,153.522,-28.7328,246,94.53333,119.816666,123.1,209.9,24.876669,15.241669,1.6881667
247,2909,153.192,-28.5063,247,87.4,118.816666,100.95,209.33333,25.168335,13.573335,1.5551666
248,2910,153.434049161294,-28.493702486184,248,96.25,116.933334,125.55,209.2,24.853334,14.56,1.6513333
249,2911,153.084,-28.7066,249,81.666664,116.566666,91.083336,208.65,25.110003,13.351668,1.5155
250,2912,153.338086742612,-28.0582137862497,250,88.86667,123.51667,102.55,210.78334,26.1,15.043335,1.705
251,2913,153.164,-28.0655,251,81.71667,116.933334,93.36667,209.5,24.786665,13.515,1.5376667
252,2914,153.442492084721,-28.2078123651708,252,93.76667,121.916664,113.51667,210.96666,25.676668,14.946669,1.7089999
253,2915,153.528075242944,-28.2797723179411,253,94.71667,124.01667,115.566666,211.91667,25.77,15.420002,1.7413334
254,2916,153.478,-28.9191,254,90.71667,122.73333,114.816666,211.25,25.306667,15.393335,1.718
255,2917,153.301,-28.6613,255,88.933334,118.45,106.9,209.03334,25.19,14.186667,1.6093332
256,2918,153.338010414376,-28.0587567275488,256,88.86667,123.51667,102.55,210.78334,26.1,15.043335,1.705
257,2919,153.481,-28.8683,257,92.65,120.7,119.1,209.9,25.195004,15.251668,1.7023333
258,2920,153.328,-28.0098,258,86.48333,122.333336,99.433334,210.66667,25.968332,14.796667,1.6801666
259,2921,153.337992433438,-28.0587135028195,259,88.86667,123.51667,102.55,210.78334,26.1,15.043335,1.705
260,2922,153.582,-28.808,260,94.35,122.333336,122.0,211.85,25.18667,15.6466675,1.7348332
261,2923,153.306,-28.6683,261,87.45,118.2,103.76667,209.26666,25.250002,14.2716675,1.6085
262,2924,153.548780233942,-28.5393783662535,262,95.083336,124.98333,113.933334,213.01666,25.586668,15.6516695,1.75
263,2925,153.399977563092,-28.3484818227853,263,93.61667,122.333336,113.333336,210.58333,26.140001,14.885,1.6853333
264,2926,153.338100311861,-28.0582371609017,264,88.86667,123.51667,102.55,210.78334,26.1,15.043335,1.705
265,2927,153.085,-28.7055,265,81.666664,116.566666,91.083336,208.65,25.110003,13.351668,1.5155
266,2928,153.338047524755,-28.0582836452725,266,88.86667,123.51667,102.55,210.78334,26.1,15.043335,1.705
267,2929,153.470081294697,-28.3116215333214,267,95.916664,121.8,119.2,210.65,25.75667,15.166669,1.7139999
268,2930,153.399,-28.7409,268,88.683334,119.48333,106.98333,209.98334,25.42,14.821669,1.6561667
269,2931,153.547336365817,-28.8502987293446,269,94.75,123.71667,122.5,212.18333,25.248333,15.728334,1.7393333
270,2932,153.247,-28.0419,270,85.28333,117.083336,98.8,209.7,24.843334,13.8966675,1.5869999
271,2933,153.325,-28.1501,271,90.98333,118.86667,107.4,210.3,25.183336,14.181667,1.6296666
272,2934,153.455,-28.7988,272,90.95,118.95,115.35,209.41667,24.993336,14.908336,1.6655
273,2935,153.548311795664,-28.851185717302,273,94.75,123.71667,122.5,212.18333,25.248333,15.728334,1.7393333
274,2936,153.39079743206,-28.0980499916295,274,90.9,123.683334,106.683334,210.83333,25.93167,15.091666,1.7115
275,2937,153.213960826412,-28.5840925085001,275,88.45,120.15,102.71667,209.1,25.321669,13.828335,1.5793334
276,2938,153.547308368009,-28.850327582449,276,94.75,123.71667,122.5,212.18333,25.248333,15.728334,1.7393333
277,2939,153.338053133745,-28.0582476222092,277,88.86667,123.51667,102.55,210.78334,26.1,15.043335,1.705
278,2940,153.547336753991,-28.8503787836265,278,94.75,123.71667,122.5,212.18333,25.248333,15.728334,1.7393333
279,2941,153.547314743857,-28.8503005423356,279,94.75,123.71667,122.5,212.18333,25.248333,15.728334,1.7393333
280,2942,153.338115597287,-28.7873455742642,280,85.316666,120.85,98.8,210.36667,25.775002,14.793334,1.6638334
281,2943,153.548223233576,-28.8512141657118,281,94.75,123.71667,122.5,212.18333,25.248333,15.728334,1.7393333
282,2944,153.262426787408,-28.8134115916809,282,78.6,120.683334,87.01667,209.96666,26.043335,14.533335,1.6431667
283,2945,153.58,-28.6315,283,94.78333,121.85,120.13333,211.75,25.174997,15.601668,1.7296666
284,2946,153.58,-28.6315,284,94.78333,121.85,120.13333,211.75,25.174997,15.601668,1.7296666
285,2947,153.398502096677,-28.5320621822295,285,94.48333,113.0,127.1,207.21666,23.810003,13.895001,1.5776666
286,2948,152.758808322393,-28.7455397425487,286,72.11667,117.48333,77.26667,208.56667,25.225002,12.685001,1.4205
287,2949,153.574285106876,-28.6573636299266,287,94.78333,121.85,120.13333,211.75,25.174997,15.601668,1.7296666
288,2950,153.338638071534,-28.0578592849678,288,88.86667,123.51667,102.55,210.78334,26.1,15.043335,1.705
289,2951,153.378,-28.5989,289,93.73333,116.23333,121.316666,208.4,24.413334,14.223334,1.611
290,2952,153.278386657308,-28.8224532017069,290,78.6,120.683334,87.01667,209.96666,26.043335,14.533335,1.6431667
291,2953,153.026,-28.0025,291,63.733334,120.566666,67.05,210.33333,26.548334,13.730001,1.5586667
292,2954,153.112603677579,-28.0544096231722,292,75.583336,118.416664,83.3,209.88333,25.42,13.545001,1.5426666
293,2955,153.33864006886,-28.057904066614,293,88.86667,123.51667,102.55,210.78334,26.1,15.043335,1.705
294,2956,153.338128055178,-28.0582416799071,294,88.86667,123.51667,102.55,210.78334,26.1,15.043335,1.705
295,2957,153.338445090555,-28.0580392866506,295,88.86667,123.51667,102.55,210.78334,26.1,15.043335,1.705
296,2958,153.369,-28.0218,296,86.46667,125.53333,98.2,211.75,26.12,15.131667,1.7108332
297,2959,153.368,-28.0194,297,86.46667,125.53333,98.2,211.75,26.12,15.131667,1.7108332
298,2960,153.369,-28.0147,298,86.46667,125.53333,98.2,211.75,26.12,15.131667,1.7108332
299,2961,153.472033850992,-28.4425020916652,299,96.03333,121.066666,119.8,210.81667,25.435003,14.991669,1.704
300,2962,153.368,-28.4781,300,94.3,116.96667,120.1,209.28334,24.725004,14.083337,1.6048331
301,2963,153.395,-28.9594,301,85.86667,122.2,102.71667,210.41667,25.451668,15.110001,1.6945
302,2964,153.395,-28.96,302,85.86667,122.2,102.71667,210.41667,25.451668,15.110001,1.6945
303,2965,153.169606151202,-28.1157892523595,303,87.083336,115.333336,102.21667,209.45,24.130001,13.405002,1.523
304,2966,153.570492128053,-28.2592937210838,304,94.75,126.3,113.166664,213.56667,25.82667,15.748336,1.756
305,2967,153.570489613482,-28.2592598162855,305,94.75,126.3,113.166664,213.56667,25.82667,15.748336,1.756
306,2968,153.572684750104,-28.2638416998352,306,94.75,126.3,113.166664,213.56667,25.82667,15.748336,1.756
307,2969,153.318759988645,-28.6634198724409,307,88.933334,118.45,106.9,209.03334,25.19,14.186667,1.6093332
308,2970,153.338056073221,-28.0582332943213,308,88.86667,123.51667,102.55,210.78334,26.1,15.043335,1.705
309,2971,153.548954525866,-28.5395226313434,309,95.083336,124.98333,113.933334,213.01666,25.586668,15.6516695,1.75
310,2972,153.338019595942,-28.0582579162067,310,88.86667,123.51667,102.55,210.78334,26.1,15.043335,1.705
311,2973,153.278,-28.3113,311,91.28333,120.7,110.066666,210.33333,25.751669,14.103334,1.6196668
312,2974,153.278,-28.3114,312,91.28333,120.7,110.066666,210.33333,25.751669,14.103334,1.6196668
313,2975,153.384494092458,-28.082539457854,313,87.88333,126.8,100.21667,212.5,26.160002,15.306668,1.7283334
314,2976,153.393,-28.067,314,87.88333,126.8,100.21667,212.5,26.160002,15.306668,1.7283334
315,2977,153.369,-28.0146,315,86.46667,125.53333,98.2,211.75,26.12,15.131667,1.7108332
316,2978,153.332,-28.1475,316,90.98333,118.86667,107.4,210.3,25.183336,14.181667,1.6296666
317,2979,153.395913094425,-28.1595543958509,317,91.96667,121.88333,109.1,210.96666,25.570002,14.785001,1.6898333
318,2980,153.395873028928,-28.1594777852559,318,91.96667,121.88333,109.1,210.96666,25.570002,14.785001,1.6898333
319,2981,153.396196654209,-28.1595136598015,319,91.96667,121.88333,109.1,210.96666,25.570002,14.785001,1.6898333
320,2982,153.396251388037,-28.1595420744532,320,91.96667,121.88333,109.1,210.96666,25.570002,14.785001,1.6898333
321,2983,153.548799830167,-28.8514605081391,321,94.75,123.71667,122.5,212.18333,25.248333,15.728334,1.7393333
322,2984,153.344002928876,-28.0734342583898,322,88.86667,123.51667,102.55,210.78334,26.1,15.043335,1.705
323,2985,153.343994117908,-28.0734311472618,323,88.86667,123.51667,102.55,210.78334,26.1,15.043335,1.705
324,2986,153.54840319022,-28.8512654385156,324,94.75,123.71667,122.5,212.18333,25.248333,15.728334,1.7393333
325,2987,153.193,-28.1711,325,89.5,112.98333,108.6,208.66667,23.638336,13.005,1.4961666
326,2988,153.369,-28.3386,326,92.566666,122.25,111.23333,210.8,25.96,14.573335,1.6581665
327,2989,153.425,-28.8097,327,90.95,118.95,115.35,209.41667,24.993336,14.908336,1.6655
328,2990,153.114,-28.592,328,80.63333,119.3,88.183334,209.6,25.905,13.578336,1.5553334
329,2991,153.369,-28.3385,329,92.566666,122.25,111.23333,210.8,25.96,14.573335,1.6581665
330,2992,153.584,-28.629,330,94.78333,121.85,120.13333,211.75,25.174997,15.601668,1.7296666
331,2993,153.333514375042,-28.8273540397974,331,86.5,119.55,102.083336,209.6,25.25,14.596668,1.6366667
332,2994,153.09,-28.2314,332,86.816666,112.73333,101.71667,208.3,23.589998,12.615001,1.4571667
333,2995,153.318,-28.6574,333,88.933334,118.45,106.9,209.03334,25.19,14.186667,1.6093332
334,2996,153.351567474971,-28.6568895943918,334,91.25,117.53333,112.7,208.61667,24.909998,14.266668,1.6135
335,2997,153.112487169125,-28.0543268937879,335,75.583336,118.416664,83.3,209.88333,25.42,13.545001,1.5426666
336,2998,153.337996250452,-28.0582177838458,336,88.86667,123.51667,102.55,210.78334,26.1,15.043335,1.705
337,2999,153.326,-28.1509,337,90.98333,118.86667,107.4,210.3,25.183336,14.181667,1.6296666
338,3000,153.326,-28.151,338,90.98333,118.86667,107.4,210.3,25.183336,14.181667,1.6296666
339,3001,153.272667907514,-28.2277394142277,339,93.1,109.666664,123.9,205.31667,22.371668,12.790002,1.4623332
340,3002,153.142,-28.3692,340,85.98333,117.98333,97.8,208.96666,25.328335,13.385001,1.5510001
341,3003,153.170831850668,-28.5475943290699,341,86.21667,120.73333,97.5,209.51666,25.473335,13.726668,1.5683333
342,3004,153.394,-28.96,342,85.86667,122.2,102.71667,210.41667,25.451668,15.110001,1.6945
343,3005,153.088,-28.7053,343,81.666664,116.566666,91.083336,208.65,25.110003,13.351668,1.5155
344,3006,153.390127234304,-28.5224664956597,344,94.48333,113.0,127.1,207.21666,23.810003,13.895001,1.5776666
345,3007,153.484889493362,-28.586819304448,345,95.083336,119.933334,120.73333,210.71666,25.161669,15.01,1.6943334
346,3008,153.484867663815,-28.586828687887,346,95.083336,119.933334,120.73333,210.71666,25.161669,15.01,1.6943334
347,3009,153.338027306098,-28.0582558490547,347,88.86667,123.51667,102.55,210.78334,26.1,15.043335,1.705
348,3010,153.325,-28.1499,348,90.98333,118.86667,107.4,210.3,25.183336,14.181667,1.6296666
349,3011,153.337976265781,-28.0582825236343,349,88.86667,123.51667,102.55,210.78334,26.1,15.043335,1.705
350,3012,153.3380362406,-28.0582470389113,350,88.86667,123.51667,102.55,210.78334,26.1,15.043335,1.705
351,3013,153.338014893781,-28.0584063330306,351,88.86667,123.51667,102.55,210.78334,26.1,15.043335,1.705
352,3014,153.549,-28.7276,352,94.433334,120.88333,121.71667,210.88333,25.111668,15.586668,1.7239999
353,3015,153.338131417126,-28.0582869188026,353,88.86667,123.51667,102.55,210.78334,26.1,15.043335,1.705
354,3016,153.33862408736,-28.0579247796629,354,88.86667,123.51667,102.55,210.78334,26.1,15.043335,1.705
355,3017,153.338086451,-28.0582618685671,355,88.86667,123.51667,102.55,210.78334,26.1,15.043335,1.705
356,3018,153.45,-28.7963,356,90.95,118.95,115.35,209.41667,24.993336,14.908336,1.6655
357,3019,153.425,-28.6161,357,94.23333,117.13333,121.96667,209.43333,24.65,14.548335,1.6436666
358,3020,153.385,-28.216,358,96.76667,117.86667,125.916664,209.48334,24.965,14.398334,1.6458333
359,3021,153.338052230099,-28.0583471898251,359,88.86667,123.51667,102.55,210.78334,26.1,15.043335,1.705
360,3022,153.369508470287,-28.1039106605683,360,89.666664,122.45,104.316666,210.9,25.795002,14.756669,1.6864998
361,3023,153.561,-28.3907,361,95.316666,125.98333,115.15,213.38333,25.706667,15.636668,1.7535
362,3024,153.328,-28.0099,362,86.48333,122.333336,99.433334,210.66667,25.968332,14.796667,1.6801666
363,3025,153.537097703808,-28.3308542613204,363,95.15,123.4,116.96667,211.98334,25.695,15.340001,1.7331666
364,3026,153.378,-28.0774,364,87.88333,126.8,100.21667,212.5,26.160002,15.306668,1.7283334
365,3027,153.386,-28.2159,365,96.76667,117.86667,125.916664,209.48334,24.965,14.398334,1.6458333
366,3028,153.304,-28.5968,366,91.55,117.05,113.4,207.83333,24.490002,13.868335,1.5738332
367,3029,153.338029734061,-28.0582359724103,367,88.86667,123.51667,102.55,210.78334,26.1,15.043335,1.705
368,3030,153.338298321297,-28.0587454704928,368,88.86667,123.51667,102.55,210.78334,26.1,15.043335,1.705
369,3031,153.338286252679,-28.058707093547,369,88.86667,123.51667,102.55,210.78334,26.1,15.043335,1.705
370,3032,153.338295359516,-28.0587278077547,370,88.86667,123.51667,102.55,210.78334,26.1,15.043335,1.705
371,3033,153.304,-28.8158,371,82.916664,119.8,94.85,209.68333,25.648336,14.566668,1.6399999
372,3034,152.84432041473,-28.0788916535937,372,58.533333,123.316666,61.583332,211.43333,26.253334,13.136669,1.4909999
373,3035,153.526199266279,-28.4585420311999,373,95.38333,123.35,116.25,212.05,25.621668,15.385001,1.7363335
374,3036,153.003,-28.4291,374,81.73333,118.7,89.75,208.9,25.198336,12.923334,1.4981666
375,3037,153.338018070783,-28.0582439810301,375,88.86667,123.51667,102.55,210.78334,26.1,15.043335,1.705
376,3038,153.382780403176,-28.4069396780004,376,94.6,120.4,116.666664,210.28334,25.728336,14.660001,1.6691666
377,3039,153.310500076183,-28.8125341991231,377,82.916664,119.8,94.85,209.68333,25.648336,14.566668,1.6399999
378,3040,153.31044148668,-28.8126087561518,378,82.916664,119.8,94.85,209.68333,25.648336,14.566668,1.6399999
379,3041,153.084,-28.7067,379,81.666664,116.566666,91.083336,208.65,25.110003,13.351668,1.5155
380,3042,153.170875726657,-28.5474804442858,380,86.21667,120.73333,97.5,209.51666,25.473335,13.726668,1.5683333
381,3043,153.584,-28.7483,381,94.433334,120.88333,121.71667,210.88333,25.111668,15.586668,1.7239999
382,3044,153.301161001092,-28.2928719660691,382,91.51667,121.95,109.65,210.6,25.961668,14.351668,1.648
383,3045,153.300877829358,-28.2933919874681,383,91.51667,121.95,109.65,210.6,25.961668,14.351668,1.648
384,3046,153.338075123307,-28.0582568028066,384,88.86667,123.51667,102.55,210.78334,26.1,15.043335,1.705
385,3047,153.306416412958,-28.5766043700544,385,93.76667,114.95,119.55,206.3,23.573334,13.446669,1.5291668
386,3048,153.224,-28.1403,386,85.73333,118.666664,97.86667,210.33333,25.278334,13.791668,1.593
387,3049,153.093047755953,-28.1934516609091,387,86.816666,111.2,103.03333,207.53334,23.085001,12.531668,1.4365002
388,3050,153.561,-28.391,388,95.316666,125.98333,115.15,213.38333,25.706667,15.636668,1.7535
389,3051,153.373,-28.2042,389,93.2,119.166664,113.63333,210.31667,25.27167,14.350002,1.6473331
390,3052,152.761577032649,-28.7414846197038,390,72.11667,117.48333,77.26667,208.56667,25.225002,12.685001,1.4205
391,3053,153.33859887165,-28.0578505168805,391,88.86667,123.51667,102.55,210.78334,26.1,15.043335,1.705
392,3054,153.460352484064,-28.3240475222083,392,95.916664,121.8,119.2,210.65,25.75667,15.166669,1.7139999
393,3055,153.460280626413,-28.3239903856191,393,95.916664,121.8,119.2,210.65,25.75667,15.166669,1.7139999
394,3056,153.338068625885,-28.0582858632339,394,88.86667,123.51667,102.55,210.78334,26.1,15.043335,1.705
395,3057,153.227,-28.0756,395,87.4,116.566666,101.98333,209.6,24.485003,13.710002,1.5611666
396,3058,152.791,-28.4701,396,76.48333,116.13333,83.13333,207.9,24.658335,12.286668,1.3993334
397,3059,152.792,-28.4699,397,76.48333,116.13333,83.13333,207.9,24.658335,12.286668,1.3993334
398,3060,153.58,-28.6302,398,94.78333,121.85,120.13333,211.75,25.174997,15.601668,1.7296666
399,3061,153.514040686683,-28.6895533090347,399,94.2,119.833336,121.933334,210.43333,24.99667,15.275,1.6968331
400,3062,153.575267955569,-28.6286593277634,400,94.78333,121.85,120.13333,211.75,25.174997,15.601668,1.7296666
401,3063,153.531,-28.2002,401,93.583336,125.78333,110.833336,212.6,25.880001,15.620001,1.7543334
402,3064,153.577980017433,-28.7842559209362,402,93.98333,121.816666,120.583336,211.45,25.228334,15.666669,1.735
403,3065,153.58119959026,-28.7845166819438,403,93.98333,121.816666,120.583336,211.45,25.228334,15.666669,1.735
404,3066,153.342422528788,-28.8191274623773,404,86.5,119.55,102.083336,209.6,25.25,14.596668,1.6366667
405,3067,153.338075770511,-28.058265016731,405,88.86667,123.51667,102.55,210.78334,26.1,15.043335,1.705
406,3068,153.460444423721,-28.3240867720361,406,95.916664,121.8,119.2,210.65,25.75667,15.166669,1.7139999
407,3069,153.337937145708,-28.0587069421135,407,88.86667,123.51667,102.55,210.78334,26.1,15.043335,1.705
408,3070,153.575557756527,-28.6285867694135,408,94.78333,121.85,120.13333,211.75,25.174997,15.601668,1.7296666
409,3071,152.761873249107,-28.7415210390731,409,72.11667,117.48333,77.26667,208.56667,25.225002,12.685001,1.4205
410,3072,153.343,-28.6448,410,91.25,117.53333,112.7,208.61667,24.909998,14.266668,1.6135
411,3073,153.46498592771,-28.9302152395518,411,90.71667,122.73333,114.816666,211.25,25.306667,15.393335,1.718
412,3074,153.338374085126,-28.0586164081282,412,88.86667,123.51667,102.55,210.78334,26.1,15.043335,1.705
413,3075,153.341,-28.6496,413,91.25,117.53333,112.7,208.61667,24.909998,14.266668,1.6135
414,3076,153.075913029815,-28.5613641236503,414,83.666664,117.61667,92.7,208.26666,25.261667,13.236669,1.5048333
415,3077,153.075712827933,-28.560959690433,415,83.666664,117.61667,92.7,208.26666,25.261667,13.236669,1.5048333
416,3078,153.075,-28.5564,416,83.666664,117.61667,92.7,208.26666,25.261667,13.236669,1.5048333
417,3079,153.337947634591,-28.0587133545959,417,88.86667,123.51667,102.55,210.78334,26.1,15.043335,1.705
418,3080,153.362677203113,-28.7160662254576,418,86.53333,119.816666,101.566666,209.95,25.625,14.680002,1.6491667
419,3081,152.63346408508,-28.2333572628239,419,68.333336,115.4,73.51667,209.23334,24.088331,11.616669,1.3374999
420,3082,153.416383899038,-28.9008918178721,420,88.8,119.583336,109.03333,209.53334,25.046669,14.785003,1.6585
421,3083,153.217781214368,-28.4912931109311,421,88.01667,118.73333,101.95,210.15,25.51167,13.811667,1.5911669
422,3084,153.337961570591,-28.0587143049693,422,88.86667,123.51667,102.55,210.78334,26.1,15.043335,1.705
423,3085,153.338066012021,-28.0587373860219,423,88.86667,123.51667,102.55,210.78334,26.1,15.043335,1.705
424,3086,153.508351561362,-28.4163812653254,424,95.38333,123.35,116.25,212.05,25.621668,15.385001,1.7363335
425,3087,153.490276517596,-28.6734161226948,425,93.23333,119.6,119.416664,210.35,25.105003,15.081668,1.6843333
426,3088,153.217536943611,-28.4913912125348,426,88.01667,118.73333,101.95,210.15,25.51167,13.811667,1.5911669
427,3089,153.338089207823,-28.0587142479721,427,88.86667,123.51667,102.55,210.78334,26.1,15.043335,1.705
428,3090,153.338085169245,-28.0582614232083,428,88.86667,123.51667,102.55,210.78334,26.1,15.043335,1.705
429,3091,153.44156504623,-28.5896865511579,429,94.23333,117.13333,121.96667,209.43333,24.65,14.548335,1.6436666
430,3092,153.441555239403,-28.5896438034518,430,94.23333,117.13333,121.96667,209.43333,24.65,14.548335,1.6436666
431,3093,153.066245195221,-28.8029769418008,431,70.23333,122.73333,74.03333,210.86667,26.65667,13.853334,1.5776668
432,3094,153.338064609374,-28.0587647395716,432,88.86667,123.51667,102.55,210.78334,26.1,15.043335,1.705
433,3095,153.441595137262,-28.5896954778848,433,94.23333,117.13333,121.96667,209.43333,24.65,14.548335,1.6436666
434,3096,153.08,-28.6431,434,81.76667,116.816666,90.85,208.58333,25.068336,13.203336,1.4966666
435,3097,153.481,-28.8684,435,92.65,120.7,119.1,209.9,25.195004,15.251668,1.7023333
436,3098,153.337990007804,-28.058717862574,436,88.86667,123.51667,102.55,210.78334,26.1,15.043335,1.705
437,3099,153.33801630057,-28.0582554121732,437,88.86667,123.51667,102.55,210.78334,26.1,15.043335,1.705
438,3100,153.390903489791,-28.0980887612615,438,90.9,123.683334,106.683334,210.83333,25.93167,15.091666,1.7115
439,3101,153.394650309078,-28.2874937953232,439,94.61667,120.933334,117.666664,210.21666,25.708336,14.695003,1.6804999
440,3102,153.076012751376,-28.56128881893,440,83.666664,117.61667,92.7,208.26666,25.261667,13.236669,1.5048333
441,3103,153.33805428765,-28.0582752816456,441,88.86667,123.51667,102.55,210.78334,26.1,15.043335,1.705
442,3104,153.436464574331,-28.1468736240902,442,91.96667,123.78333,108.8,211.6,25.865002,15.166669,1.7238332
443,3105,153.337983538141,-28.0582862252835,443,88.86667,123.51667,102.55,210.78334,26.1,15.043335,1.705
444,3106,153.066266662909,-28.8029389489882,444,70.23333,122.73333,74.03333,210.86667,26.65667,13.853334,1.5776668
445,3107,153.442666512126,-28.2078009657824,445,93.76667,121.916664,113.51667,210.96666,25.676668,14.946669,1.7089999
446,3108,153.164,-28.0645,446,81.71667,116.933334,93.36667,209.5,24.786665,13.515,1.5376667
447,3109,153.076003391969,-28.5613787886041,447,83.666664,117.61667,92.7,208.26666,25.261667,13.236669,1.5048333
448,3110,153.554471928212,-28.3726250962079,448,95.183334,125.816666,114.65,213.7,25.63167,15.550002,1.7489998
449,3111,153.066248429509,-28.8030150413046,449,70.23333,122.73333,74.03333,210.86667,26.65667,13.853334,1.5776668
450,3112,153.164,-28.0648,450,81.71667,116.933334,93.36667,209.5,24.786665,13.515,1.5376667
451,3113,153.338031828327,-28.0582934119668,451,88.86667,123.51667,102.55,210.78334,26.1,15.043335,1.705
452,3114,153.075882858297,-28.56127695563,452,83.666664,117.61667,92.7,208.26666,25.261667,13.236669,1.5048333
453,3115,153.394378001727,-28.2877839216232,453,94.61667,120.933334,117.666664,210.21666,25.708336,14.695003,1.6804999
454,3116,153.338101893343,-28.0582556488005,454,88.86667,123.51667,102.55,210.78334,26.1,15.043335,1.705
455,3117,153.338016896041,-28.0587078248153,455,88.86667,123.51667,102.55,210.78334,26.1,15.043335,1.705
456,3118,153.075884354264,-28.5613294071962,456,83.666664,117.61667,92.7,208.26666,25.261667,13.236669,1.5048333
457,3119,153.392666093376,-28.4315657398514,457,94.96667,118.36667,119.98333,209.76666,25.233335,14.458334,1.6483332
458,3120,153.337985262313,-28.0587203275067,458,88.86667,123.51667,102.55,210.78334,26.1,15.043335,1.705
459,3121,153.339,-28.6454,459,91.25,117.53333,112.7,208.61667,24.909998,14.266668,1.6135
460,3122,153.112570317605,-28.0543585773819,460,75.583336,118.416664,83.3,209.88333,25.42,13.545001,1.5426666
461,3123,153.338077292078,-28.0582501615249,461,88.86667,123.51667,102.55,210.78334,26.1,15.043335,1.705
462,3124,153.548311795664,-28.851185717302,462,94.75,123.71667,122.5,212.18333,25.248333,15.728334,1.7393333
463,3125,153.549355339588,-28.8519108428497,463,94.75,123.71667,122.5,212.18333,25.248333,15.728334,1.7393333
464,3126,153.425,-28.8082,464,90.95,118.95,115.35,209.41667,24.993336,14.908336,1.6655
465,3127,153.52,-28.5911,465,95.166664,121.88333,120.05,211.5,25.38167,15.405001,1.7275002
466,3128,153.338062961435,-28.0586892347301,466,88.86667,123.51667,102.55,210.78334,26.1,15.043335,1.705
467,3129,152.61,-28.9372,467,60.95,119.583336,63.583332,210.33333,26.028337,12.863334,1.438
468,3130,153.337990888927,-28.0582784819479,468,88.86667,123.51667,102.55,210.78334,26.1,15.043335,1.705
469,3131,153.262426787408,-28.8134115916809,469,78.6,120.683334,87.01667,209.96666,26.043335,14.533335,1.6431667
470,3132,153.084,-28.7056,470,81.666664,116.566666,91.083336,208.65,25.110003,13.351668,1.5155
471,3133,153.193,-28.5032,471,87.4,118.816666,100.95,209.33333,25.168335,13.573335,1.5551666
472,3134,153.572039595017,-28.6563710868625,472,94.78333,121.85,120.13333,211.75,25.174997,15.601668,1.7296666
473,3135,153.338078188485,-28.0582097546201,473,88.86667,123.51667,102.55,210.78334,26.1,15.043335,1.705
474,3136,153.338709139882,-28.0578206532336,474,88.86667,123.51667,102.55,210.78334,26.1,15.043335,1.705
475,3137,153.026,-28.0026,475,63.733334,120.566666,67.05,210.33333,26.548334,13.730001,1.5586667
476,3138,153.112419527167,-28.054469805237,476,75.583336,118.416664,83.3,209.88333,25.42,13.545001,1.5426666
477,3139,153.279310662644,-28.7409995813525,477,82.316666,119.6,93.05,209.95,25.75667,14.350002,1.6203332
478,3140,153.189310580635,-28.1218848657125,478,87.083336,115.333336,102.21667,209.45,24.130001,13.405002,1.523
479,3141,153.390889782079,-28.0981375707775,479,90.9,123.683334,106.683334,210.83333,25.93167,15.091666,1.7115
480,3142,153.162982938954,-28.1299789762386,480,85.833336,114.78333,98.95,209.2,24.151669,13.155001,1.5053333
481,3143,153.343182876849,-28.8174469583005,481,86.5,119.55,102.083336,209.6,25.25,14.596668,1.6366667
482,3144,152.686159089373,-28.001714050043,482,55.483334,126.85,58.316666,212.13333,27.021667,13.136668,1.4911666
483,3145,153.338561906132,-28.057821728351,483,88.86667,123.51667,102.55,210.78334,26.1,15.043335,1.705
484,3146,152.686122302108,-28.0016919365413,484,55.483334,126.85,58.316666,212.13333,27.021667,13.136668,1.4911666
485,3147,153.530482538187,-28.5029008286339,485,95.55,122.98333,117.15,211.95,25.470001,15.385,1.7335
486,3148,153.338688600004,-28.0579425094714,486,88.86667,123.51667,102.55,210.78334,26.1,15.043335,1.705
487,3149,152.764,-28.212,487,56.116665,122.333336,58.95,212.03334,26.401669,12.955002,1.4661667
488,3150,153.410838474012,-28.8255153093704,488,88.86667,119.183334,108.316666,209.66667,25.02667,14.706669,1.6459999
489,3151,152.952,-28.6254,489,72.333336,121.8,76.15,210.18333,26.451668,13.508334,1.5126666
490,3152,153.333,-28.1473,490,92.05,119.95,109.78333,210.56667,25.330004,14.450002,1.6565
491,3153,153.337987009315,-28.0582151673062,491,88.86667,123.51667,102.55,210.78334,26.1,15.043335,1.705
492,3154,153.55047718797,-28.8527484423753,492,94.75,123.71667,122.5,212.18333,25.248333,15.728334,1.7393333
493,3155,153.547279009877,-28.8504236462368,493,94.75,123.71667,122.5,212.18333,25.248333,15.728334,1.7393333
494,3156,153.257987201357,-28.796273851794,494,78.6,120.683334,87.01667,209.96666,26.043335,14.533335,1.6431667
495,3157,153.004,-28.4291,495,81.73333,118.7,89.75,208.9,25.198336,12.923334,1.4981666
496,3158,153.346426019908,-28.41636514098,496,92.916664,118.95,113.86667,210.18333,25.558336,14.323336,1.6468333
497,3159,153.396171843776,-28.1595979398379,497,91.96667,121.88333,109.1,210.96666,25.570002,14.785001,1.6898333
498,3160,153.442442463854,-28.2075577648619,498,93.76667,121.916664,113.51667,210.96666,25.676668,14.946669,1.7089999
499,3161,153.440350502008,-28.8713038408382,499,91.53333,118.433334,117.63333,209.05,24.84167,14.856668,1.6613334
500,3162,153.075793918169,-28.561090822218,500,83.666664,117.61667,92.7,208.26666,25.261667,13.236669,1.5048333
501,3163,153.337998860351,-28.0587668652523,501,88.86667,123.51667,102.55,210.78334,26.1,15.043335,1.705
502,3164,153.326,-28.1507,502,90.98333,118.86667,107.4,210.3,25.183336,14.181667,1.6296666
503,3165,153.170967743951,-28.5475375890294,503,86.21667,120.73333,97.5,209.51666,25.473335,13.726668,1.5683333
504,3166,153.390127234304,-28.5224664956597,504,94.48333,113.0,127.1,207.21666,23.810003,13.895001,1.5776666
505,3167,153.004,-28.429,505,81.73333,118.7,89.75,208.9,25.198336,12.923334,1.4981666
506,3168,153.304553171207,-28.3524374627972,506,92.65,120.63333,112.816666,210.35,25.688335,14.2733345,1.6285
507,3169,153.433,-28.1746,507,93.76667,121.916664,113.51667,210.96666,25.676668,14.946669,1.7089999
508,3170,153.351732645355,-28.781011020282,508,85.316666,120.85,98.8,210.36667,25.775002,14.793334,1.6638334
509,3171,153.338060454049,-28.0582574208769,509,88.86667,123.51667,102.55,210.78334,26.1,15.043335,1.705
510,3172,153.33806333188,-28.0582447989877,510,88.86667,123.51667,102.55,210.78334,26.1,15.043335,1.705
511,3173,153.170903871733,-28.5475976425112,511,86.21667,120.73333,97.5,209.51666,25.473335,13.726668,1.5683333
512,3174,153.338042995518,-28.05827296435,512,88.86667,123.51667,102.55,210.78334,26.1,15.043335,1.705
513,3175,153.221805794307,-28.1722395262012,513,90.066666,115.933334,108.63333,209.53334,24.351667,13.438334,1.5466667
514,3176,153.338032217942,-28.0582545559901,514,88.86667,123.51667,102.55,210.78334,26.1,15.043335,1.705
515,3177,153.302,-28.8195,515,82.916664,119.8,94.85,209.68333,25.648336,14.566668,1.6399999
516,3178,153.338331079217,-28.0587108359265,516,88.86667,123.51667,102.55,210.78334,26.1,15.043335,1.705
517,3179,153.382864228913,-28.4069345206832,517,94.6,120.4,116.666664,210.28334,25.728336,14.660001,1.6691666
518,3180,153.338078025259,-28.0582282560152,518,88.86667,123.51667,102.55,210.78334,26.1,15.043335,1.705
519,3181,153.303,-28.4538,519,91.55,118.36667,111.9,210.15,25.376667,14.083334,1.6183333
520,3182,153.338124703929,-28.0586326964587,520,88.86667,123.51667,102.55,210.78334,26.1,15.043335,1.705
521,3183,153.340148968219,-28.3081216588092,521,92.01667,122.86667,110.85,210.81667,26.095001,14.645001,1.6723331
522,3184,153.33863715042,-28.0579177357249,522,88.86667,123.51667,102.55,210.78334,26.1,15.043335,1.705
523,3185,152.791,-28.4702,523,76.48333,116.13333,83.13333,207.9,24.658335,12.286668,1.3993334
524,3186,153.58,-28.631,524,94.78333,121.85,120.13333,211.75,25.174997,15.601668,1.7296666
525,3187,153.513826187843,-28.689690576893,525,94.2,119.833336,121.933334,210.43333,24.99667,15.275,1.6968331
526,3188,153.574899743541,-28.6280991486308,526,94.78333,121.85,120.13333,211.75,25.174997,15.601668,1.7296666
527,3189,153.58,-28.6308,527,94.78333,121.85,120.13333,211.75,25.174997,15.601668,1.7296666
528,3190,153.164,-28.0646,528,81.71667,116.933334,93.36667,209.5,24.786665,13.515,1.5376667
529,3191,153.58,-28.6309,529,94.78333,121.85,120.13333,211.75,25.174997,15.601668,1.7296666
530,3192,153.438032493138,-28.3359818905856,530,95.13333,121.88333,117.36667,210.55,25.873335,14.978335,1.6936667
531,3193,153.338106084023,-28.0582074822868,531,88.86667,123.51667,102.55,210.78334,26.1,15.043335,1.705
532,3194,153.338014735975,-28.0587114891852,532,88.86667,123.51667,102.55,210.78334,26.1,15.043335,1.705
533,3195,153.337970191296,-28.0587281635677,533,88.86667,123.51667,102.55,210.78334,26.1,15.043335,1.705
534,3196,153.341,-28.6494,534,91.25,117.53333,112.7,208.61667,24.909998,14.266668,1.6135
535,3197,153.338076168498,-28.0582810524058,535,88.86667,123.51667,102.55,210.78334,26.1,15.043335,1.705
536,3198,153.075882952277,-28.5612829133707,536,83.666664,117.61667,92.7,208.26666,25.261667,13.236669,1.5048333
537,3199,153.337999390747,-28.0586889746454,537,88.86667,123.51667,102.55,210.78334,26.1,15.043335,1.705
538,3200,153.338011463998,-28.0587073548974,538,88.86667,123.51667,102.55,210.78334,26.1,15.043335,1.705
539,3201,153.076012439267,-28.5613290568021,539,83.666664,117.61667,92.7,208.26666,25.261667,13.236669,1.5048333
540,3202,153.338109513209,-28.0586612779502,540,88.86667,123.51667,102.55,210.78334,26.1,15.043335,1.705
541,3203,153.338069404781,-28.0582836801779,541,88.86667,123.51667,102.55,210.78334,26.1,15.043335,1.705
542,3204,153.07619574631,-28.5612564897445,542,83.666664,117.61667,92.7,208.26666,25.261667,13.236669,1.5048333
543,3205,153.33807388392,-28.0582647417273,543,88.86667,123.51667,102.55,210.78334,26.1,15.043335,1.705
544,3206,153.554253196487,-28.6711120605469,544,95.1,119.816666,124.01667,210.63333,24.888334,15.478335,1.7091666
545,3207,153.338108415721,-28.0583009541147,545,88.86667,123.51667,102.55,210.78334,26.1,15.043335,1.705
546,3208,153.338077160437,-28.0586543254358,546,88.86667,123.51667,102.55,210.78334,26.1,15.043335,1.705
547,3209,153.338054282703,-28.0582667035964,547,88.86667,123.51667,102.55,210.78334,26.1,15.043335,1.705
548,3210,153.278747635358,-28.0391574081878,548,85.76667,119.05,99.76667,210.06667,25.556667,14.343336,1.6401665
549,3211,153.442526534343,-28.207631860886,549,93.76667,121.916664,113.51667,210.96666,25.676668,14.946669,1.7089999
550,3212,153.344802851571,-28.3988409777605,550,94.13333,118.416664,117.35,209.8,25.290003,14.295,1.6293334
551,3213,153.217771427405,-28.4913581827183,551,88.01667,118.73333,101.95,210.15,25.51167,13.811667,1.5911669
552,3214,153.338041197473,-28.0582490086434,552,88.86667,123.51667,102.55,210.78334,26.1,15.043335,1.705
553,3215,153.075820406084,-28.5609208331961,553,83.666664,117.61667,92.7,208.26666,25.261667,13.236669,1.5048333
554,3216,153.338041581111,-28.058225699029,554,88.86667,123.51667,102.55,210.78334,26.1,15.043335,1.705
555,3217,153.442277507999,-28.2079597190285,555,93.76667,121.916664,113.51667,210.96666,25.676668,14.946669,1.7089999
556,3218,153.3380747468,-28.0587379028067,556,88.86667,123.51667,102.55,210.78334,26.1,15.043335,1.705
557,3219,153.164,-28.0653,557,81.71667,116.933334,93.36667,209.5,24.786665,13.515,1.5376667
558,3220,153.338062556325,-28.0582436862591,558,88.86667,123.51667,102.55,210.78334,26.1,15.043335,1.705
559,3221,153.33807685021,-28.0582210267185,559,88.86667,123.51667,102.55,210.78334,26.1,15.043335,1.705
560,3222,153.33804609382,-28.0582767471894,560,88.86667,123.51667,102.55,210.78334,26.1,15.043335,1.705
561,3223,153.441561190554,-28.5894624609766,561,94.23333,117.13333,121.96667,209.43333,24.65,14.548335,1.6436666
562,3224,153.216946240156,-28.3046629040975,562,90.76667,119.21667,109.71667,209.91667,25.483335,13.816669,1.5901668
563,3225,153.338074405009,-28.0582609505303,563,88.86667,123.51667,102.55,210.78334,26.1,15.043335,1.705
564,3226,153.338068356362,-28.0587052545284,564,88.86667,123.51667,102.55,210.78334,26.1,15.043335,1.705
565,3227,153.075884354264,-28.5613294071962,565,83.666664,117.61667,92.7,208.26666,25.261667,13.236669,1.5048333
566,3228,153.338098746055,-28.0582530911926,566,88.86667,123.51667,102.55,210.78334,26.1,15.043335,1.705
567,3229,153.217832104305,-28.4913188238674,567,88.01667,118.73333,101.95,210.15,25.51167,13.811667,1.5911669
568,3230,153.217927422659,-28.4914927235005,568,88.01667,118.73333,101.95,210.15,25.51167,13.811667,1.5911669
569,3231,153.338071544706,-28.0582670246081,569,88.86667,123.51667,102.55,210.78334,26.1,15.043335,1.705
570,3232,153.338021535371,-28.0582375247908,570,88.86667,123.51667,102.55,210.78334,26.1,15.043335,1.705
571,3233,153.07584250233,-28.5612732491032,571,83.666664,117.61667,92.7,208.26666,25.261667,13.236669,1.5048333
572,3234,153.338048891085,-28.0582218452367,572,88.86667,123.51667,102.55,210.78334,26.1,15.043335,1.705
573,3235,153.338009118924,-28.0588392578275,573,88.86667,123.51667,102.55,210.78334,26.1,15.043335,1.705
574,3236,153.382,-28.478,574,95.566666,116.7,123.15,209.05,24.780005,14.298335,1.6276667
575,3237,153.338076378927,-28.0582408690929,575,88.86667,123.51667,102.55,210.78334,26.1,15.043335,1.705
576,3238,153.338440487602,-28.7694195897035,576,85.316666,120.85,98.8,210.36667,25.775002,14.793334,1.6638334
577,3239,152.79267440178,-28.5424395648101,577,74.86667,119.13333,80.55,208.73334,25.366669,12.670001,1.4323334
578,3240,153.33802903077,-28.0587285961931,578,88.86667,123.51667,102.55,210.78334,26.1,15.043335,1.705
579,3241,152.668623486676,-28.7417851109325,579,68.96667,116.55,73.51667,208.78334,25.255,12.586668,1.4068333
580,3242,153.338053813956,-28.0582640596766,580,88.86667,123.51667,102.55,210.78334,26.1,15.043335,1.705
581,3243,153.39079743206,-28.0980499916295,581,90.9,123.683334,106.683334,210.83333,25.93167,15.091666,1.7115
582,3244,153.380417046287,-28.5646622391109,582,94.0,113.71667,125.46667,207.66667,24.058332,14.0216675,1.5935001
583,3245,153.338100255092,-28.0582467555096,583,88.86667,123.51667,102.55,210.78334,26.1,15.043335,1.705
584,3246,153.338077478533,-28.0582233250117,584,88.86667,123.51667,102.55,210.78334,26.1,15.043335,1.705
585,3247,153.426,-28.8091,585,90.95,118.95,115.35,209.41667,24.993336,14.908336,1.6655
586,3248,153.338015407694,-28.0582423155276,586,88.86667,123.51667,102.55,210.78334,26.1,15.043335,1.705
587,3249,153.338064470359,-28.0582398777726,587,88.86667,123.51667,102.55,210.78334,26.1,15.043335,1.705
588,3250,153.361,-28.1003,588,89.666664,122.45,104.316666,210.9,25.795002,14.756669,1.6864998
589,3251,153.338048925214,-28.0582495631986,589,88.86667,123.51667,102.55,210.78334,26.1,15.043335,1.705
590,3252,153.338637546649,-28.0578764257552,590,88.86667,123.51667,102.55,210.78334,26.1,15.043335,1.705
591,3253,153.07571674853,-28.5611487129165,591,83.666664,117.61667,92.7,208.26666,25.261667,13.236669,1.5048333
592,3254,153.390889782079,-28.0981375707775,592,90.9,123.683334,106.683334,210.83333,25.93167,15.091666,1.7115
593,3255,153.162951506817,-28.1302014738583,593,85.833336,114.78333,98.95,209.2,24.151669,13.155001,1.5053333
594,3256,153.338016394279,-28.0582926192229,594,88.86667,123.51667,102.55,210.78334,26.1,15.043335,1.705
595,3257,153.338612642435,-28.0579815609251,595,88.86667,123.51667,102.55,210.78334,26.1,15.043335,1.705
596,3258,153.33806905861,-28.0582412025015,596,88.86667,123.51667,102.55,210.78334,26.1,15.043335,1.705
597,3259,153.33867545396,-28.0578620268631,597,88.86667,123.51667,102.55,210.78334,26.1,15.043335,1.705
598,3260,153.333,-28.1475,598,92.05,119.95,109.78333,210.56667,25.330004,14.450002,1.6565
599,3261,153.338660222746,-28.057903949477,599,88.86667,123.51667,102.55,210.78334,26.1,15.043335,1.705
600,3262,153.338008408818,-28.0582930407519,600,88.86667,123.51667,102.55,210.78334,26.1,15.043335,1.705
601,3263,153.338062797316,-28.0583110295677,601,88.86667,123.51667,102.55,210.78334,26.1,15.043335,1.705
602,3264,152.709584817958,-28.9722758262677,602,63.283333,117.95,66.51667,209.35,25.494999,12.796668,1.4418334
603,3265,153.338116592808,-28.0582604872809,603,88.86667,123.51667,102.55,210.78334,26.1,15.043335,1.705
604,3266,153.192,-28.1709,604,89.5,112.98333,108.6,208.66667,23.638336,13.005,1.4961666
605,3267,153.088,-28.7052,605,81.666664,116.566666,91.083336,208.65,25.110003,13.351668,1.5155
606,3268,153.437961163142,-28.3359453873973,606,95.13333,121.88333,117.36667,210.55,25.873335,14.978335,1.6936667
607,3269,153.195,-28.167,607,88.38333,114.25,105.36667,209.0,23.868336,13.1900015,1.5055001
608,3270,153.482,-28.8683,608,92.65,120.7,119.1,209.9,25.195004,15.251668,1.7023333
609,3271,153.325,-28.1503,609,90.98333,118.86667,107.4,210.3,25.183336,14.181667,1.6296666
610,3272,152.685843770207,-28.0015988883089,610,55.483334,126.85,58.316666,212.13333,27.021667,13.136668,1.4911666
611,3273,153.338068670188,-28.0582283657501,611,88.86667,123.51667,102.55,210.78334,26.1,15.043335,1.705
612,3274,153.170796003663,-28.5475545487983,612,86.21667,120.73333,97.5,209.51666,25.473335,13.726668,1.5683333
613,3275,153.338042276815,-28.0582449109833,613,88.86667,123.51667,102.55,210.78334,26.1,15.043335,1.705
614,3276,153.338134902302,-28.0586491930273,614,88.86667,123.51667,102.55,210.78334,26.1,15.043335,1.705
615,3277,153.300852589452,-28.5966423992334,615,91.55,117.05,113.4,207.83333,24.490002,13.868335,1.5738332
616,3278,153.27313251382,-28.2280223133373,616,93.1,109.666664,123.9,205.31667,22.371668,12.790002,1.4623332
617,3279,153.093127595518,-28.1934381979182,617,86.816666,111.2,103.03333,207.53334,23.085001,12.531668,1.4365002
618,3280,153.338593828436,-28.0579244030384,618,88.86667,123.51667,102.55,210.78334,26.1,15.043335,1.705
619,3281,153.460102586209,-28.32406225951,619,95.916664,121.8,119.2,210.65,25.75667,15.166669,1.7139999
620,3282,153.163,-28.0656,620,81.71667,116.933334,93.36667,209.5,24.786665,13.515,1.5376667
621,3283,153.338097471966,-28.0586688146286,621,88.86667,123.51667,102.55,210.78334,26.1,15.043335,1.705
622,3284,153.075900610414,-28.5608407243161,622,83.666664,117.61667,92.7,208.26666,25.261667,13.236669,1.5048333
623,3285,153.338028118641,-28.0582646052979,623,88.86667,123.51667,102.55,210.78334,26.1,15.043335,1.705
624,3286,153.338021192806,-28.0582143669071,624,88.86667,123.51667,102.55,210.78334,26.1,15.043335,1.705
625,3287,153.075910177463,-28.5612755765944,625,83.666664,117.61667,92.7,208.26666,25.261667,13.236669,1.5048333
626,3288,153.460246129104,-28.3241580426957,626,95.916664,121.8,119.2,210.65,25.75667,15.166669,1.7139999
627,3289,153.338063349565,-28.0582319080113,627,88.86667,123.51667,102.55,210.78334,26.1,15.043335,1.705
628,3290,153.338069669388,-28.0582620695627,628,88.86667,123.51667,102.55,210.78334,26.1,15.043335,1.705
629,3291,153.24909716221,-28.6107463281265,629,85.9,121.166664,97.53333,209.88333,25.7,14.016668,1.5981668
630,3292,153.338056749651,-28.0582328812242,630,88.86667,123.51667,102.55,210.78334,26.1,15.043335,1.705
631,3293,153.112483397269,-28.054435690891,631,75.583336,118.416664,83.3,209.88333,25.42,13.545001,1.5426666
632,3294,153.325,-28.15,632,90.98333,118.86667,107.4,210.3,25.183336,14.181667,1.6296666
633,3295,153.338071217506,-28.0582675436598,633,88.86667,123.51667,102.55,210.78334,26.1,15.043335,1.705
634,3296,153.381394452225,-28.4852062058052,634,95.566666,116.7,123.15,209.05,24.780005,14.298335,1.6276667
635,3297,153.075754703546,-28.5610840478426,635,83.666664,117.61667,92.7,208.26666,25.261667,13.236669,1.5048333
636,3298,153.338000098014,-28.0582290643687,636,88.86667,123.51667,102.55,210.78334,26.1,15.043335,1.705
637,3299,153.338649800738,-28.0578528703197,637,88.86667,123.51667,102.55,210.78334,26.1,15.043335,1.705
638,3300,153.337942941954,-28.0582777681868,638,88.86667,123.51667,102.55,210.78334,26.1,15.043335,1.705
639,3301,153.338092015839,-28.0582416127637,639,88.86667,123.51667,102.55,210.78334,26.1,15.043335,1.705
640,3302,153.325,-28.1498,640,90.98333,118.86667,107.4,210.3,25.183336,14.181667,1.6296666
641,3303,153.338589622441,-28.0579057975682,641,88.86667,123.51667,102.55,210.78334,26.1,15.043335,1.705
642,3304,153.338364640734,-28.7693848642317,642,85.316666,120.85,98.8,210.36667,25.775002,14.793334,1.6638334
643,3305,153.383843572953,-28.6769329430802,643,90.48333,119.76667,110.21667,210.01666,25.381666,14.748335,1.6563334
644,3306,153.482543152911,-28.4877276405738,644,95.96667,120.46667,120.4,210.71666,25.316671,14.986669,1.7005
645,3307,152.754,-28.8432,645,66.38333,117.71667,69.566666,209.38333,26.100004,13.035001,1.4666668
646,3308,153.163,-28.0655,646,81.71667,116.933334,93.36667,209.5,24.786665,13.515,1.5376667
647,3309,153.165,-28.0647,647,81.71667,116.933334,93.36667,209.5,24.786665,13.515,1.5376667
648,3310,153.3822754275,-28.47796046507,648,95.566666,116.7,123.15,209.05,24.780005,14.298335,1.6276667
649,3311,153.164,-28.0647,649,81.71667,116.933334,93.36667,209.5,24.786665,13.515,1.5376667
650,3312,153.158,-28.3931,650,87.15,117.51667,100.066666,208.66667,25.019999,13.320003,1.528
651,3313,153.062,-28.5398,651,81.95,119.5,89.5,209.26666,25.70667,13.351666,1.5324998
652,3314,153.296811506295,-28.7268395489349,652,85.333336,118.4,98.95,209.4,25.525002,14.450001,1.6246667
653,3315,153.296803627306,-28.7268605875119,653,85.333336,118.4,98.95,209.4,25.525002,14.450001,1.6246667
654,3316,153.075878612505,-28.5611947509647,654,83.666664,117.61667,92.7,208.26666,25.261667,13.236669,1.5048333
655,3317,153.217835529666,-28.4913796620803,655,88.01667,118.73333,101.95,210.15,25.51167,13.811667,1.5911669
656,3318,153.115761094049,-28.1853947565427,656,86.816666,111.2,103.03333,207.53334,23.085001,12.531668,1.4365002
657,3319,153.158,-28.3933,657,87.15,117.51667,100.066666,208.66667,25.019999,13.320003,1.528
658,3320,153.296292834127,-28.7260495126515,658,85.333336,118.4,98.95,209.4,25.525002,14.450001,1.6246667
659,3321,153.296129387015,-28.7257411843433,659,85.333336,118.4,98.95,209.4,25.525002,14.450001,1.6246667
660,3322,153.055,-28.99,660,65.13333,121.566666,68.11667,210.33333,26.509998,14.043335,1.5863334
661,3323,153.341,-28.6497,661,91.25,117.53333,112.7,208.61667,24.909998,14.266668,1.6135
662,3324,153.111,-28.5415,662,84.333336,117.36667,94.36667,208.51666,25.291668,13.360002,1.5241666
